nohup: 忽略输入
/home/vicuna/anaconda3/lib/python3.11/site-packages/pandas/core/arrays/masked.py:60: UserWarning: Pandas requires version '1.3.6' or newer of 'bottleneck' (version '1.3.5' currently installed).
  from pandas.core import (

================================================================================
EXPERIMENT 1: PHASE 2 ONLY (All Heads Disabled)
================================================================================

✓ Using existing baseline from: results/exp1_llama2_13b/baseline/results.json

📂 Loading baseline results...
✅ Loaded baseline for 40 layers

🔴 PHASE 2: Running All Heads Disabled

================================================================================
Running Phase 2 Only: ALL HEADS DISABLED
================================================================================

Loading model...
loading model llama2_13b
`torch_dtype` is deprecated! Use `dtype` instead!
Loading checkpoint shards:   0%|          | 0/3 [00:00<?, ?it/s]Loading checkpoint shards:  33%|███▎      | 1/3 [00:03<00:06,  3.18s/it]Loading checkpoint shards:  67%|██████▋   | 2/3 [00:06<00:03,  3.10s/it]Loading checkpoint shards: 100%|██████████| 3/3 [00:08<00:00,  2.53s/it]Loading checkpoint shards: 100%|██████████| 3/3 [00:08<00:00,  2.69s/it]
Enabling feature capture for all layers...

Registering hooks to disable all attention heads...
  Layer 0: Disabling all 40 heads
  Layer 5: Disabling all 40 heads
  Layer 10: Disabling all 40 heads
  Layer 15: Disabling all 40 heads
  Layer 20: Disabling all 40 heads
  Layer 25: Disabling all 40 heads
  Layer 30: Disabling all 40 heads
  Layer 35: Disabling all 40 heads

Loading dataset...
Failed to load RedPajama dataset (Dataset 'togethercomputer/RedPajama-Data-1T-Sample' doesn't exist on the Hub or cannot be accessed.), using wikitext instead

Processing 30 samples...
Phase 2:   0%|          | 0/30 [00:00<?, ?it/s]Before input_layernorm: type=<class 'torch.Tensor'>, shape=torch.Size([1, 4096, 5120])
/home/vicuna/anaconda3/lib/python3.11/site-packages/torch/nn/modules/module.py:1805: FutureWarning: Both `past_key_value` and `past_key_values` are set for `LlamaAttention.forward`. Using `past_key_values=DynamicCache(layers=[DynamicLayer, DynamicLayer, DynamicLayer, DynamicLayer, DynamicLayer, DynamicLayer, DynamicLayer, DynamicLayer, DynamicLayer, DynamicLayer, DynamicLayer, DynamicLayer, DynamicLayer, DynamicLayer, DynamicLayer, DynamicLayer, DynamicLayer, DynamicLayer, DynamicLayer, DynamicLayer, DynamicLayer, DynamicLayer, DynamicLayer, DynamicLayer, DynamicLayer, DynamicLayer, DynamicLayer, DynamicLayer, DynamicLayer, DynamicLayer, DynamicLayer, DynamicLayer, DynamicLayer, DynamicLayer, DynamicLayer, DynamicLayer, DynamicLayer, DynamicLayer, DynamicLayer, DynamicLayer])` and ignoring deprecated `past_key_value=None`.
  result = forward_call(*args, **kwargs)
Before input_layernorm: type=<class 'torch.Tensor'>, shape=torch.Size([1, 4096, 5120])
Before input_layernorm: type=<class 'torch.Tensor'>, shape=torch.Size([1, 4096, 5120])
Before input_layernorm: type=<class 'torch.Tensor'>, shape=torch.Size([1, 4096, 5120])
Before input_layernorm: type=<class 'torch.Tensor'>, shape=torch.Size([1, 4096, 5120])
Before input_layernorm: type=<class 'torch.Tensor'>, shape=torch.Size([1, 4096, 5120])
Before input_layernorm: type=<class 'torch.Tensor'>, shape=torch.Size([1, 4096, 5120])
Before input_layernorm: type=<class 'torch.Tensor'>, shape=torch.Size([1, 4096, 5120])
Before input_layernorm: type=<class 'torch.Tensor'>, shape=torch.Size([1, 4096, 5120])
Before input_layernorm: type=<class 'torch.Tensor'>, shape=torch.Size([1, 4096, 5120])
Before input_layernorm: type=<class 'torch.Tensor'>, shape=torch.Size([1, 4096, 5120])
Before input_layernorm: type=<class 'torch.Tensor'>, shape=torch.Size([1, 4096, 5120])
Before input_layernorm: type=<class 'torch.Tensor'>, shape=torch.Size([1, 4096, 5120])
Before input_layernorm: type=<class 'torch.Tensor'>, shape=torch.Size([1, 4096, 5120])
Before input_layernorm: type=<class 'torch.Tensor'>, shape=torch.Size([1, 4096, 5120])
Before input_layernorm: type=<class 'torch.Tensor'>, shape=torch.Size([1, 4096, 5120])
Before input_layernorm: type=<class 'torch.Tensor'>, shape=torch.Size([1, 4096, 5120])
Before input_layernorm: type=<class 'torch.Tensor'>, shape=torch.Size([1, 4096, 5120])
Before input_layernorm: type=<class 'torch.Tensor'>, shape=torch.Size([1, 4096, 5120])
Before input_layernorm: type=<class 'torch.Tensor'>, shape=torch.Size([1, 4096, 5120])
Before input_layernorm: type=<class 'torch.Tensor'>, shape=torch.Size([1, 4096, 5120])
Before input_layernorm: type=<class 'torch.Tensor'>, shape=torch.Size([1, 4096, 5120])
Before input_layernorm: type=<class 'torch.Tensor'>, shape=torch.Size([1, 4096, 5120])
Before input_layernorm: type=<class 'torch.Tensor'>, shape=torch.Size([1, 4096, 5120])
Before input_layernorm: type=<class 'torch.Tensor'>, shape=torch.Size([1, 4096, 5120])
Before input_layernorm: type=<class 'torch.Tensor'>, shape=torch.Size([1, 4096, 5120])
Before input_layernorm: type=<class 'torch.Tensor'>, shape=torch.Size([1, 4096, 5120])
Before input_layernorm: type=<class 'torch.Tensor'>, shape=torch.Size([1, 4096, 5120])
Before input_layernorm: type=<class 'torch.Tensor'>, shape=torch.Size([1, 4096, 5120])
Before input_layernorm: type=<class 'torch.Tensor'>, shape=torch.Size([1, 4096, 5120])
Before input_layernorm: type=<class 'torch.Tensor'>, shape=torch.Size([1, 4096, 5120])
Before input_layernorm: type=<class 'torch.Tensor'>, shape=torch.Size([1, 4096, 5120])
Before input_layernorm: type=<class 'torch.Tensor'>, shape=torch.Size([1, 4096, 5120])
Before input_layernorm: type=<class 'torch.Tensor'>, shape=torch.Size([1, 4096, 5120])
Before input_layernorm: type=<class 'torch.Tensor'>, shape=torch.Size([1, 4096, 5120])
Before input_layernorm: type=<class 'torch.Tensor'>, shape=torch.Size([1, 4096, 5120])
Before input_layernorm: type=<class 'torch.Tensor'>, shape=torch.Size([1, 4096, 5120])
Before input_layernorm: type=<class 'torch.Tensor'>, shape=torch.Size([1, 4096, 5120])
Before input_layernorm: type=<class 'torch.Tensor'>, shape=torch.Size([1, 4096, 5120])
Before input_layernorm: type=<class 'torch.Tensor'>, shape=torch.Size([1, 4096, 5120])
Phase 2:   3%|▎         | 1/30 [01:13<35:32, 73.54s/it]Before input_layernorm: type=<class 'torch.Tensor'>, shape=torch.Size([1, 4096, 5120])
Before input_layernorm: type=<class 'torch.Tensor'>, shape=torch.Size([1, 4096, 5120])
Before input_layernorm: type=<class 'torch.Tensor'>, shape=torch.Size([1, 4096, 5120])
Before input_layernorm: type=<class 'torch.Tensor'>, shape=torch.Size([1, 4096, 5120])
Before input_layernorm: type=<class 'torch.Tensor'>, shape=torch.Size([1, 4096, 5120])
Before input_layernorm: type=<class 'torch.Tensor'>, shape=torch.Size([1, 4096, 5120])
Before input_layernorm: type=<class 'torch.Tensor'>, shape=torch.Size([1, 4096, 5120])
Before input_layernorm: type=<class 'torch.Tensor'>, shape=torch.Size([1, 4096, 5120])
Before input_layernorm: type=<class 'torch.Tensor'>, shape=torch.Size([1, 4096, 5120])
Before input_layernorm: type=<class 'torch.Tensor'>, shape=torch.Size([1, 4096, 5120])
Before input_layernorm: type=<class 'torch.Tensor'>, shape=torch.Size([1, 4096, 5120])
Before input_layernorm: type=<class 'torch.Tensor'>, shape=torch.Size([1, 4096, 5120])
Before input_layernorm: type=<class 'torch.Tensor'>, shape=torch.Size([1, 4096, 5120])
Before input_layernorm: type=<class 'torch.Tensor'>, shape=torch.Size([1, 4096, 5120])
Before input_layernorm: type=<class 'torch.Tensor'>, shape=torch.Size([1, 4096, 5120])
Before input_layernorm: type=<class 'torch.Tensor'>, shape=torch.Size([1, 4096, 5120])
Before input_layernorm: type=<class 'torch.Tensor'>, shape=torch.Size([1, 4096, 5120])
Before input_layernorm: type=<class 'torch.Tensor'>, shape=torch.Size([1, 4096, 5120])
Before input_layernorm: type=<class 'torch.Tensor'>, shape=torch.Size([1, 4096, 5120])
Before input_layernorm: type=<class 'torch.Tensor'>, shape=torch.Size([1, 4096, 5120])
Before input_layernorm: type=<class 'torch.Tensor'>, shape=torch.Size([1, 4096, 5120])
Before input_layernorm: type=<class 'torch.Tensor'>, shape=torch.Size([1, 4096, 5120])
Before input_layernorm: type=<class 'torch.Tensor'>, shape=torch.Size([1, 4096, 5120])
Before input_layernorm: type=<class 'torch.Tensor'>, shape=torch.Size([1, 4096, 5120])
Before input_layernorm: type=<class 'torch.Tensor'>, shape=torch.Size([1, 4096, 5120])
Before input_layernorm: type=<class 'torch.Tensor'>, shape=torch.Size([1, 4096, 5120])
Before input_layernorm: type=<class 'torch.Tensor'>, shape=torch.Size([1, 4096, 5120])
Before input_layernorm: type=<class 'torch.Tensor'>, shape=torch.Size([1, 4096, 5120])
Before input_layernorm: type=<class 'torch.Tensor'>, shape=torch.Size([1, 4096, 5120])
Before input_layernorm: type=<class 'torch.Tensor'>, shape=torch.Size([1, 4096, 5120])
Before input_layernorm: type=<class 'torch.Tensor'>, shape=torch.Size([1, 4096, 5120])
Before input_layernorm: type=<class 'torch.Tensor'>, shape=torch.Size([1, 4096, 5120])
Before input_layernorm: type=<class 'torch.Tensor'>, shape=torch.Size([1, 4096, 5120])
Before input_layernorm: type=<class 'torch.Tensor'>, shape=torch.Size([1, 4096, 5120])
Before input_layernorm: type=<class 'torch.Tensor'>, shape=torch.Size([1, 4096, 5120])
Before input_layernorm: type=<class 'torch.Tensor'>, shape=torch.Size([1, 4096, 5120])
Before input_layernorm: type=<class 'torch.Tensor'>, shape=torch.Size([1, 4096, 5120])
Before input_layernorm: type=<class 'torch.Tensor'>, shape=torch.Size([1, 4096, 5120])
Before input_layernorm: type=<class 'torch.Tensor'>, shape=torch.Size([1, 4096, 5120])
Before input_layernorm: type=<class 'torch.Tensor'>, shape=torch.Size([1, 4096, 5120])
Phase 2:   7%|▋         | 2/30 [02:27<34:25, 73.77s/it]Before input_layernorm: type=<class 'torch.Tensor'>, shape=torch.Size([1, 4096, 5120])
Before input_layernorm: type=<class 'torch.Tensor'>, shape=torch.Size([1, 4096, 5120])
Before input_layernorm: type=<class 'torch.Tensor'>, shape=torch.Size([1, 4096, 5120])
Before input_layernorm: type=<class 'torch.Tensor'>, shape=torch.Size([1, 4096, 5120])
Before input_layernorm: type=<class 'torch.Tensor'>, shape=torch.Size([1, 4096, 5120])
Before input_layernorm: type=<class 'torch.Tensor'>, shape=torch.Size([1, 4096, 5120])
Before input_layernorm: type=<class 'torch.Tensor'>, shape=torch.Size([1, 4096, 5120])
Before input_layernorm: type=<class 'torch.Tensor'>, shape=torch.Size([1, 4096, 5120])
Before input_layernorm: type=<class 'torch.Tensor'>, shape=torch.Size([1, 4096, 5120])
Before input_layernorm: type=<class 'torch.Tensor'>, shape=torch.Size([1, 4096, 5120])
Before input_layernorm: type=<class 'torch.Tensor'>, shape=torch.Size([1, 4096, 5120])
Before input_layernorm: type=<class 'torch.Tensor'>, shape=torch.Size([1, 4096, 5120])
Before input_layernorm: type=<class 'torch.Tensor'>, shape=torch.Size([1, 4096, 5120])
Before input_layernorm: type=<class 'torch.Tensor'>, shape=torch.Size([1, 4096, 5120])
Before input_layernorm: type=<class 'torch.Tensor'>, shape=torch.Size([1, 4096, 5120])
Before input_layernorm: type=<class 'torch.Tensor'>, shape=torch.Size([1, 4096, 5120])
Before input_layernorm: type=<class 'torch.Tensor'>, shape=torch.Size([1, 4096, 5120])
Before input_layernorm: type=<class 'torch.Tensor'>, shape=torch.Size([1, 4096, 5120])
Before input_layernorm: type=<class 'torch.Tensor'>, shape=torch.Size([1, 4096, 5120])
Before input_layernorm: type=<class 'torch.Tensor'>, shape=torch.Size([1, 4096, 5120])
Before input_layernorm: type=<class 'torch.Tensor'>, shape=torch.Size([1, 4096, 5120])
Before input_layernorm: type=<class 'torch.Tensor'>, shape=torch.Size([1, 4096, 5120])
Before input_layernorm: type=<class 'torch.Tensor'>, shape=torch.Size([1, 4096, 5120])
Before input_layernorm: type=<class 'torch.Tensor'>, shape=torch.Size([1, 4096, 5120])
Before input_layernorm: type=<class 'torch.Tensor'>, shape=torch.Size([1, 4096, 5120])
Before input_layernorm: type=<class 'torch.Tensor'>, shape=torch.Size([1, 4096, 5120])
Before input_layernorm: type=<class 'torch.Tensor'>, shape=torch.Size([1, 4096, 5120])
Before input_layernorm: type=<class 'torch.Tensor'>, shape=torch.Size([1, 4096, 5120])
Before input_layernorm: type=<class 'torch.Tensor'>, shape=torch.Size([1, 4096, 5120])
Before input_layernorm: type=<class 'torch.Tensor'>, shape=torch.Size([1, 4096, 5120])
Before input_layernorm: type=<class 'torch.Tensor'>, shape=torch.Size([1, 4096, 5120])
Before input_layernorm: type=<class 'torch.Tensor'>, shape=torch.Size([1, 4096, 5120])
Before input_layernorm: type=<class 'torch.Tensor'>, shape=torch.Size([1, 4096, 5120])
Before input_layernorm: type=<class 'torch.Tensor'>, shape=torch.Size([1, 4096, 5120])
Before input_layernorm: type=<class 'torch.Tensor'>, shape=torch.Size([1, 4096, 5120])
Before input_layernorm: type=<class 'torch.Tensor'>, shape=torch.Size([1, 4096, 5120])
Before input_layernorm: type=<class 'torch.Tensor'>, shape=torch.Size([1, 4096, 5120])
Before input_layernorm: type=<class 'torch.Tensor'>, shape=torch.Size([1, 4096, 5120])
Before input_layernorm: type=<class 'torch.Tensor'>, shape=torch.Size([1, 4096, 5120])
Before input_layernorm: type=<class 'torch.Tensor'>, shape=torch.Size([1, 4096, 5120])
Phase 2:  10%|█         | 3/30 [03:40<33:03, 73.45s/it]Before input_layernorm: type=<class 'torch.Tensor'>, shape=torch.Size([1, 4096, 5120])
Before input_layernorm: type=<class 'torch.Tensor'>, shape=torch.Size([1, 4096, 5120])
Before input_layernorm: type=<class 'torch.Tensor'>, shape=torch.Size([1, 4096, 5120])
Before input_layernorm: type=<class 'torch.Tensor'>, shape=torch.Size([1, 4096, 5120])
Before input_layernorm: type=<class 'torch.Tensor'>, shape=torch.Size([1, 4096, 5120])
Before input_layernorm: type=<class 'torch.Tensor'>, shape=torch.Size([1, 4096, 5120])
Before input_layernorm: type=<class 'torch.Tensor'>, shape=torch.Size([1, 4096, 5120])
Before input_layernorm: type=<class 'torch.Tensor'>, shape=torch.Size([1, 4096, 5120])
Before input_layernorm: type=<class 'torch.Tensor'>, shape=torch.Size([1, 4096, 5120])
Before input_layernorm: type=<class 'torch.Tensor'>, shape=torch.Size([1, 4096, 5120])
Before input_layernorm: type=<class 'torch.Tensor'>, shape=torch.Size([1, 4096, 5120])
Before input_layernorm: type=<class 'torch.Tensor'>, shape=torch.Size([1, 4096, 5120])
Before input_layernorm: type=<class 'torch.Tensor'>, shape=torch.Size([1, 4096, 5120])
Before input_layernorm: type=<class 'torch.Tensor'>, shape=torch.Size([1, 4096, 5120])
Before input_layernorm: type=<class 'torch.Tensor'>, shape=torch.Size([1, 4096, 5120])
Before input_layernorm: type=<class 'torch.Tensor'>, shape=torch.Size([1, 4096, 5120])
Before input_layernorm: type=<class 'torch.Tensor'>, shape=torch.Size([1, 4096, 5120])
Before input_layernorm: type=<class 'torch.Tensor'>, shape=torch.Size([1, 4096, 5120])
Before input_layernorm: type=<class 'torch.Tensor'>, shape=torch.Size([1, 4096, 5120])
Before input_layernorm: type=<class 'torch.Tensor'>, shape=torch.Size([1, 4096, 5120])
Before input_layernorm: type=<class 'torch.Tensor'>, shape=torch.Size([1, 4096, 5120])
Before input_layernorm: type=<class 'torch.Tensor'>, shape=torch.Size([1, 4096, 5120])
Before input_layernorm: type=<class 'torch.Tensor'>, shape=torch.Size([1, 4096, 5120])
Before input_layernorm: type=<class 'torch.Tensor'>, shape=torch.Size([1, 4096, 5120])
Before input_layernorm: type=<class 'torch.Tensor'>, shape=torch.Size([1, 4096, 5120])
Before input_layernorm: type=<class 'torch.Tensor'>, shape=torch.Size([1, 4096, 5120])
Before input_layernorm: type=<class 'torch.Tensor'>, shape=torch.Size([1, 4096, 5120])
Before input_layernorm: type=<class 'torch.Tensor'>, shape=torch.Size([1, 4096, 5120])
Before input_layernorm: type=<class 'torch.Tensor'>, shape=torch.Size([1, 4096, 5120])
Before input_layernorm: type=<class 'torch.Tensor'>, shape=torch.Size([1, 4096, 5120])
Before input_layernorm: type=<class 'torch.Tensor'>, shape=torch.Size([1, 4096, 5120])
Before input_layernorm: type=<class 'torch.Tensor'>, shape=torch.Size([1, 4096, 5120])
Before input_layernorm: type=<class 'torch.Tensor'>, shape=torch.Size([1, 4096, 5120])
Before input_layernorm: type=<class 'torch.Tensor'>, shape=torch.Size([1, 4096, 5120])
Before input_layernorm: type=<class 'torch.Tensor'>, shape=torch.Size([1, 4096, 5120])
Before input_layernorm: type=<class 'torch.Tensor'>, shape=torch.Size([1, 4096, 5120])
Before input_layernorm: type=<class 'torch.Tensor'>, shape=torch.Size([1, 4096, 5120])
Before input_layernorm: type=<class 'torch.Tensor'>, shape=torch.Size([1, 4096, 5120])
Before input_layernorm: type=<class 'torch.Tensor'>, shape=torch.Size([1, 4096, 5120])
Before input_layernorm: type=<class 'torch.Tensor'>, shape=torch.Size([1, 4096, 5120])
Phase 2:  13%|█▎        | 4/30 [04:53<31:47, 73.38s/it]Before input_layernorm: type=<class 'torch.Tensor'>, shape=torch.Size([1, 4096, 5120])
Before input_layernorm: type=<class 'torch.Tensor'>, shape=torch.Size([1, 4096, 5120])
Before input_layernorm: type=<class 'torch.Tensor'>, shape=torch.Size([1, 4096, 5120])
Before input_layernorm: type=<class 'torch.Tensor'>, shape=torch.Size([1, 4096, 5120])
Before input_layernorm: type=<class 'torch.Tensor'>, shape=torch.Size([1, 4096, 5120])
Before input_layernorm: type=<class 'torch.Tensor'>, shape=torch.Size([1, 4096, 5120])
Before input_layernorm: type=<class 'torch.Tensor'>, shape=torch.Size([1, 4096, 5120])
Before input_layernorm: type=<class 'torch.Tensor'>, shape=torch.Size([1, 4096, 5120])
Before input_layernorm: type=<class 'torch.Tensor'>, shape=torch.Size([1, 4096, 5120])
Before input_layernorm: type=<class 'torch.Tensor'>, shape=torch.Size([1, 4096, 5120])
Before input_layernorm: type=<class 'torch.Tensor'>, shape=torch.Size([1, 4096, 5120])
Before input_layernorm: type=<class 'torch.Tensor'>, shape=torch.Size([1, 4096, 5120])
Before input_layernorm: type=<class 'torch.Tensor'>, shape=torch.Size([1, 4096, 5120])
Before input_layernorm: type=<class 'torch.Tensor'>, shape=torch.Size([1, 4096, 5120])
Before input_layernorm: type=<class 'torch.Tensor'>, shape=torch.Size([1, 4096, 5120])
Before input_layernorm: type=<class 'torch.Tensor'>, shape=torch.Size([1, 4096, 5120])
Before input_layernorm: type=<class 'torch.Tensor'>, shape=torch.Size([1, 4096, 5120])
Before input_layernorm: type=<class 'torch.Tensor'>, shape=torch.Size([1, 4096, 5120])
Before input_layernorm: type=<class 'torch.Tensor'>, shape=torch.Size([1, 4096, 5120])
Before input_layernorm: type=<class 'torch.Tensor'>, shape=torch.Size([1, 4096, 5120])
Before input_layernorm: type=<class 'torch.Tensor'>, shape=torch.Size([1, 4096, 5120])
Before input_layernorm: type=<class 'torch.Tensor'>, shape=torch.Size([1, 4096, 5120])
Before input_layernorm: type=<class 'torch.Tensor'>, shape=torch.Size([1, 4096, 5120])
Before input_layernorm: type=<class 'torch.Tensor'>, shape=torch.Size([1, 4096, 5120])
Before input_layernorm: type=<class 'torch.Tensor'>, shape=torch.Size([1, 4096, 5120])
Before input_layernorm: type=<class 'torch.Tensor'>, shape=torch.Size([1, 4096, 5120])
Before input_layernorm: type=<class 'torch.Tensor'>, shape=torch.Size([1, 4096, 5120])
Before input_layernorm: type=<class 'torch.Tensor'>, shape=torch.Size([1, 4096, 5120])
Before input_layernorm: type=<class 'torch.Tensor'>, shape=torch.Size([1, 4096, 5120])
Before input_layernorm: type=<class 'torch.Tensor'>, shape=torch.Size([1, 4096, 5120])
Before input_layernorm: type=<class 'torch.Tensor'>, shape=torch.Size([1, 4096, 5120])
Before input_layernorm: type=<class 'torch.Tensor'>, shape=torch.Size([1, 4096, 5120])
Before input_layernorm: type=<class 'torch.Tensor'>, shape=torch.Size([1, 4096, 5120])
Before input_layernorm: type=<class 'torch.Tensor'>, shape=torch.Size([1, 4096, 5120])
Before input_layernorm: type=<class 'torch.Tensor'>, shape=torch.Size([1, 4096, 5120])
Before input_layernorm: type=<class 'torch.Tensor'>, shape=torch.Size([1, 4096, 5120])
Before input_layernorm: type=<class 'torch.Tensor'>, shape=torch.Size([1, 4096, 5120])
Before input_layernorm: type=<class 'torch.Tensor'>, shape=torch.Size([1, 4096, 5120])
Before input_layernorm: type=<class 'torch.Tensor'>, shape=torch.Size([1, 4096, 5120])
Before input_layernorm: type=<class 'torch.Tensor'>, shape=torch.Size([1, 4096, 5120])
Phase 2:  17%|█▋        | 5/30 [06:07<30:35, 73.44s/it]Before input_layernorm: type=<class 'torch.Tensor'>, shape=torch.Size([1, 4096, 5120])
Before input_layernorm: type=<class 'torch.Tensor'>, shape=torch.Size([1, 4096, 5120])
Before input_layernorm: type=<class 'torch.Tensor'>, shape=torch.Size([1, 4096, 5120])
Before input_layernorm: type=<class 'torch.Tensor'>, shape=torch.Size([1, 4096, 5120])
Before input_layernorm: type=<class 'torch.Tensor'>, shape=torch.Size([1, 4096, 5120])
Before input_layernorm: type=<class 'torch.Tensor'>, shape=torch.Size([1, 4096, 5120])
Before input_layernorm: type=<class 'torch.Tensor'>, shape=torch.Size([1, 4096, 5120])
Before input_layernorm: type=<class 'torch.Tensor'>, shape=torch.Size([1, 4096, 5120])
Before input_layernorm: type=<class 'torch.Tensor'>, shape=torch.Size([1, 4096, 5120])
Before input_layernorm: type=<class 'torch.Tensor'>, shape=torch.Size([1, 4096, 5120])
Before input_layernorm: type=<class 'torch.Tensor'>, shape=torch.Size([1, 4096, 5120])
Before input_layernorm: type=<class 'torch.Tensor'>, shape=torch.Size([1, 4096, 5120])
Before input_layernorm: type=<class 'torch.Tensor'>, shape=torch.Size([1, 4096, 5120])
Before input_layernorm: type=<class 'torch.Tensor'>, shape=torch.Size([1, 4096, 5120])
Before input_layernorm: type=<class 'torch.Tensor'>, shape=torch.Size([1, 4096, 5120])
Before input_layernorm: type=<class 'torch.Tensor'>, shape=torch.Size([1, 4096, 5120])
Before input_layernorm: type=<class 'torch.Tensor'>, shape=torch.Size([1, 4096, 5120])
Before input_layernorm: type=<class 'torch.Tensor'>, shape=torch.Size([1, 4096, 5120])
Before input_layernorm: type=<class 'torch.Tensor'>, shape=torch.Size([1, 4096, 5120])
Before input_layernorm: type=<class 'torch.Tensor'>, shape=torch.Size([1, 4096, 5120])
Before input_layernorm: type=<class 'torch.Tensor'>, shape=torch.Size([1, 4096, 5120])
Before input_layernorm: type=<class 'torch.Tensor'>, shape=torch.Size([1, 4096, 5120])
Before input_layernorm: type=<class 'torch.Tensor'>, shape=torch.Size([1, 4096, 5120])
Before input_layernorm: type=<class 'torch.Tensor'>, shape=torch.Size([1, 4096, 5120])
Before input_layernorm: type=<class 'torch.Tensor'>, shape=torch.Size([1, 4096, 5120])
Before input_layernorm: type=<class 'torch.Tensor'>, shape=torch.Size([1, 4096, 5120])
Before input_layernorm: type=<class 'torch.Tensor'>, shape=torch.Size([1, 4096, 5120])
Before input_layernorm: type=<class 'torch.Tensor'>, shape=torch.Size([1, 4096, 5120])
Before input_layernorm: type=<class 'torch.Tensor'>, shape=torch.Size([1, 4096, 5120])
Before input_layernorm: type=<class 'torch.Tensor'>, shape=torch.Size([1, 4096, 5120])
Before input_layernorm: type=<class 'torch.Tensor'>, shape=torch.Size([1, 4096, 5120])
Before input_layernorm: type=<class 'torch.Tensor'>, shape=torch.Size([1, 4096, 5120])
Before input_layernorm: type=<class 'torch.Tensor'>, shape=torch.Size([1, 4096, 5120])
Before input_layernorm: type=<class 'torch.Tensor'>, shape=torch.Size([1, 4096, 5120])
Before input_layernorm: type=<class 'torch.Tensor'>, shape=torch.Size([1, 4096, 5120])
Before input_layernorm: type=<class 'torch.Tensor'>, shape=torch.Size([1, 4096, 5120])
Before input_layernorm: type=<class 'torch.Tensor'>, shape=torch.Size([1, 4096, 5120])
Before input_layernorm: type=<class 'torch.Tensor'>, shape=torch.Size([1, 4096, 5120])
Before input_layernorm: type=<class 'torch.Tensor'>, shape=torch.Size([1, 4096, 5120])
Before input_layernorm: type=<class 'torch.Tensor'>, shape=torch.Size([1, 4096, 5120])
Phase 2:  20%|██        | 6/30 [07:20<29:21, 73.41s/it]Before input_layernorm: type=<class 'torch.Tensor'>, shape=torch.Size([1, 4096, 5120])
Before input_layernorm: type=<class 'torch.Tensor'>, shape=torch.Size([1, 4096, 5120])
Before input_layernorm: type=<class 'torch.Tensor'>, shape=torch.Size([1, 4096, 5120])
Before input_layernorm: type=<class 'torch.Tensor'>, shape=torch.Size([1, 4096, 5120])
Before input_layernorm: type=<class 'torch.Tensor'>, shape=torch.Size([1, 4096, 5120])
Before input_layernorm: type=<class 'torch.Tensor'>, shape=torch.Size([1, 4096, 5120])
Before input_layernorm: type=<class 'torch.Tensor'>, shape=torch.Size([1, 4096, 5120])
Before input_layernorm: type=<class 'torch.Tensor'>, shape=torch.Size([1, 4096, 5120])
Before input_layernorm: type=<class 'torch.Tensor'>, shape=torch.Size([1, 4096, 5120])
Before input_layernorm: type=<class 'torch.Tensor'>, shape=torch.Size([1, 4096, 5120])
Before input_layernorm: type=<class 'torch.Tensor'>, shape=torch.Size([1, 4096, 5120])
Before input_layernorm: type=<class 'torch.Tensor'>, shape=torch.Size([1, 4096, 5120])
Before input_layernorm: type=<class 'torch.Tensor'>, shape=torch.Size([1, 4096, 5120])
Before input_layernorm: type=<class 'torch.Tensor'>, shape=torch.Size([1, 4096, 5120])
Before input_layernorm: type=<class 'torch.Tensor'>, shape=torch.Size([1, 4096, 5120])
Before input_layernorm: type=<class 'torch.Tensor'>, shape=torch.Size([1, 4096, 5120])
Before input_layernorm: type=<class 'torch.Tensor'>, shape=torch.Size([1, 4096, 5120])
Before input_layernorm: type=<class 'torch.Tensor'>, shape=torch.Size([1, 4096, 5120])
Before input_layernorm: type=<class 'torch.Tensor'>, shape=torch.Size([1, 4096, 5120])
Before input_layernorm: type=<class 'torch.Tensor'>, shape=torch.Size([1, 4096, 5120])
Before input_layernorm: type=<class 'torch.Tensor'>, shape=torch.Size([1, 4096, 5120])
Before input_layernorm: type=<class 'torch.Tensor'>, shape=torch.Size([1, 4096, 5120])
Before input_layernorm: type=<class 'torch.Tensor'>, shape=torch.Size([1, 4096, 5120])
Before input_layernorm: type=<class 'torch.Tensor'>, shape=torch.Size([1, 4096, 5120])
Before input_layernorm: type=<class 'torch.Tensor'>, shape=torch.Size([1, 4096, 5120])
Before input_layernorm: type=<class 'torch.Tensor'>, shape=torch.Size([1, 4096, 5120])
Before input_layernorm: type=<class 'torch.Tensor'>, shape=torch.Size([1, 4096, 5120])
Before input_layernorm: type=<class 'torch.Tensor'>, shape=torch.Size([1, 4096, 5120])
Before input_layernorm: type=<class 'torch.Tensor'>, shape=torch.Size([1, 4096, 5120])
Before input_layernorm: type=<class 'torch.Tensor'>, shape=torch.Size([1, 4096, 5120])
Before input_layernorm: type=<class 'torch.Tensor'>, shape=torch.Size([1, 4096, 5120])
Before input_layernorm: type=<class 'torch.Tensor'>, shape=torch.Size([1, 4096, 5120])
Before input_layernorm: type=<class 'torch.Tensor'>, shape=torch.Size([1, 4096, 5120])
Before input_layernorm: type=<class 'torch.Tensor'>, shape=torch.Size([1, 4096, 5120])
Before input_layernorm: type=<class 'torch.Tensor'>, shape=torch.Size([1, 4096, 5120])
Before input_layernorm: type=<class 'torch.Tensor'>, shape=torch.Size([1, 4096, 5120])
Before input_layernorm: type=<class 'torch.Tensor'>, shape=torch.Size([1, 4096, 5120])
Before input_layernorm: type=<class 'torch.Tensor'>, shape=torch.Size([1, 4096, 5120])
Before input_layernorm: type=<class 'torch.Tensor'>, shape=torch.Size([1, 4096, 5120])
Before input_layernorm: type=<class 'torch.Tensor'>, shape=torch.Size([1, 4096, 5120])
Phase 2:  23%|██▎       | 7/30 [08:34<28:09, 73.45s/it]Before input_layernorm: type=<class 'torch.Tensor'>, shape=torch.Size([1, 4096, 5120])
Before input_layernorm: type=<class 'torch.Tensor'>, shape=torch.Size([1, 4096, 5120])
Before input_layernorm: type=<class 'torch.Tensor'>, shape=torch.Size([1, 4096, 5120])
Before input_layernorm: type=<class 'torch.Tensor'>, shape=torch.Size([1, 4096, 5120])
Before input_layernorm: type=<class 'torch.Tensor'>, shape=torch.Size([1, 4096, 5120])
Before input_layernorm: type=<class 'torch.Tensor'>, shape=torch.Size([1, 4096, 5120])
Before input_layernorm: type=<class 'torch.Tensor'>, shape=torch.Size([1, 4096, 5120])
Before input_layernorm: type=<class 'torch.Tensor'>, shape=torch.Size([1, 4096, 5120])
Before input_layernorm: type=<class 'torch.Tensor'>, shape=torch.Size([1, 4096, 5120])
Before input_layernorm: type=<class 'torch.Tensor'>, shape=torch.Size([1, 4096, 5120])
Before input_layernorm: type=<class 'torch.Tensor'>, shape=torch.Size([1, 4096, 5120])
Before input_layernorm: type=<class 'torch.Tensor'>, shape=torch.Size([1, 4096, 5120])
Before input_layernorm: type=<class 'torch.Tensor'>, shape=torch.Size([1, 4096, 5120])
Before input_layernorm: type=<class 'torch.Tensor'>, shape=torch.Size([1, 4096, 5120])
Before input_layernorm: type=<class 'torch.Tensor'>, shape=torch.Size([1, 4096, 5120])
Before input_layernorm: type=<class 'torch.Tensor'>, shape=torch.Size([1, 4096, 5120])
Before input_layernorm: type=<class 'torch.Tensor'>, shape=torch.Size([1, 4096, 5120])
Before input_layernorm: type=<class 'torch.Tensor'>, shape=torch.Size([1, 4096, 5120])
Before input_layernorm: type=<class 'torch.Tensor'>, shape=torch.Size([1, 4096, 5120])
Before input_layernorm: type=<class 'torch.Tensor'>, shape=torch.Size([1, 4096, 5120])
Before input_layernorm: type=<class 'torch.Tensor'>, shape=torch.Size([1, 4096, 5120])
Before input_layernorm: type=<class 'torch.Tensor'>, shape=torch.Size([1, 4096, 5120])
Before input_layernorm: type=<class 'torch.Tensor'>, shape=torch.Size([1, 4096, 5120])
Before input_layernorm: type=<class 'torch.Tensor'>, shape=torch.Size([1, 4096, 5120])
Before input_layernorm: type=<class 'torch.Tensor'>, shape=torch.Size([1, 4096, 5120])
Before input_layernorm: type=<class 'torch.Tensor'>, shape=torch.Size([1, 4096, 5120])
Before input_layernorm: type=<class 'torch.Tensor'>, shape=torch.Size([1, 4096, 5120])
Before input_layernorm: type=<class 'torch.Tensor'>, shape=torch.Size([1, 4096, 5120])
Before input_layernorm: type=<class 'torch.Tensor'>, shape=torch.Size([1, 4096, 5120])
Before input_layernorm: type=<class 'torch.Tensor'>, shape=torch.Size([1, 4096, 5120])
Before input_layernorm: type=<class 'torch.Tensor'>, shape=torch.Size([1, 4096, 5120])
Before input_layernorm: type=<class 'torch.Tensor'>, shape=torch.Size([1, 4096, 5120])
Before input_layernorm: type=<class 'torch.Tensor'>, shape=torch.Size([1, 4096, 5120])
Before input_layernorm: type=<class 'torch.Tensor'>, shape=torch.Size([1, 4096, 5120])
Before input_layernorm: type=<class 'torch.Tensor'>, shape=torch.Size([1, 4096, 5120])
Before input_layernorm: type=<class 'torch.Tensor'>, shape=torch.Size([1, 4096, 5120])
Before input_layernorm: type=<class 'torch.Tensor'>, shape=torch.Size([1, 4096, 5120])
Before input_layernorm: type=<class 'torch.Tensor'>, shape=torch.Size([1, 4096, 5120])
Before input_layernorm: type=<class 'torch.Tensor'>, shape=torch.Size([1, 4096, 5120])
Before input_layernorm: type=<class 'torch.Tensor'>, shape=torch.Size([1, 4096, 5120])
Phase 2:  27%|██▋       | 8/30 [09:47<26:54, 73.37s/it]Before input_layernorm: type=<class 'torch.Tensor'>, shape=torch.Size([1, 4096, 5120])
Before input_layernorm: type=<class 'torch.Tensor'>, shape=torch.Size([1, 4096, 5120])
Before input_layernorm: type=<class 'torch.Tensor'>, shape=torch.Size([1, 4096, 5120])
Before input_layernorm: type=<class 'torch.Tensor'>, shape=torch.Size([1, 4096, 5120])
Before input_layernorm: type=<class 'torch.Tensor'>, shape=torch.Size([1, 4096, 5120])
Before input_layernorm: type=<class 'torch.Tensor'>, shape=torch.Size([1, 4096, 5120])
Before input_layernorm: type=<class 'torch.Tensor'>, shape=torch.Size([1, 4096, 5120])
Before input_layernorm: type=<class 'torch.Tensor'>, shape=torch.Size([1, 4096, 5120])
Before input_layernorm: type=<class 'torch.Tensor'>, shape=torch.Size([1, 4096, 5120])
Before input_layernorm: type=<class 'torch.Tensor'>, shape=torch.Size([1, 4096, 5120])
Before input_layernorm: type=<class 'torch.Tensor'>, shape=torch.Size([1, 4096, 5120])
Before input_layernorm: type=<class 'torch.Tensor'>, shape=torch.Size([1, 4096, 5120])
Before input_layernorm: type=<class 'torch.Tensor'>, shape=torch.Size([1, 4096, 5120])
Before input_layernorm: type=<class 'torch.Tensor'>, shape=torch.Size([1, 4096, 5120])
Before input_layernorm: type=<class 'torch.Tensor'>, shape=torch.Size([1, 4096, 5120])
Before input_layernorm: type=<class 'torch.Tensor'>, shape=torch.Size([1, 4096, 5120])
Before input_layernorm: type=<class 'torch.Tensor'>, shape=torch.Size([1, 4096, 5120])
Before input_layernorm: type=<class 'torch.Tensor'>, shape=torch.Size([1, 4096, 5120])
Before input_layernorm: type=<class 'torch.Tensor'>, shape=torch.Size([1, 4096, 5120])
Before input_layernorm: type=<class 'torch.Tensor'>, shape=torch.Size([1, 4096, 5120])
Before input_layernorm: type=<class 'torch.Tensor'>, shape=torch.Size([1, 4096, 5120])
Before input_layernorm: type=<class 'torch.Tensor'>, shape=torch.Size([1, 4096, 5120])
Before input_layernorm: type=<class 'torch.Tensor'>, shape=torch.Size([1, 4096, 5120])
Before input_layernorm: type=<class 'torch.Tensor'>, shape=torch.Size([1, 4096, 5120])
Before input_layernorm: type=<class 'torch.Tensor'>, shape=torch.Size([1, 4096, 5120])
Before input_layernorm: type=<class 'torch.Tensor'>, shape=torch.Size([1, 4096, 5120])
Before input_layernorm: type=<class 'torch.Tensor'>, shape=torch.Size([1, 4096, 5120])
Before input_layernorm: type=<class 'torch.Tensor'>, shape=torch.Size([1, 4096, 5120])
Before input_layernorm: type=<class 'torch.Tensor'>, shape=torch.Size([1, 4096, 5120])
Before input_layernorm: type=<class 'torch.Tensor'>, shape=torch.Size([1, 4096, 5120])
Before input_layernorm: type=<class 'torch.Tensor'>, shape=torch.Size([1, 4096, 5120])
Before input_layernorm: type=<class 'torch.Tensor'>, shape=torch.Size([1, 4096, 5120])
Before input_layernorm: type=<class 'torch.Tensor'>, shape=torch.Size([1, 4096, 5120])
Before input_layernorm: type=<class 'torch.Tensor'>, shape=torch.Size([1, 4096, 5120])
Before input_layernorm: type=<class 'torch.Tensor'>, shape=torch.Size([1, 4096, 5120])
Before input_layernorm: type=<class 'torch.Tensor'>, shape=torch.Size([1, 4096, 5120])
Before input_layernorm: type=<class 'torch.Tensor'>, shape=torch.Size([1, 4096, 5120])
Before input_layernorm: type=<class 'torch.Tensor'>, shape=torch.Size([1, 4096, 5120])
Before input_layernorm: type=<class 'torch.Tensor'>, shape=torch.Size([1, 4096, 5120])
Before input_layernorm: type=<class 'torch.Tensor'>, shape=torch.Size([1, 4096, 5120])
Phase 2:  30%|███       | 9/30 [11:01<25:43, 73.49s/it]Before input_layernorm: type=<class 'torch.Tensor'>, shape=torch.Size([1, 4096, 5120])
Before input_layernorm: type=<class 'torch.Tensor'>, shape=torch.Size([1, 4096, 5120])
Before input_layernorm: type=<class 'torch.Tensor'>, shape=torch.Size([1, 4096, 5120])
Before input_layernorm: type=<class 'torch.Tensor'>, shape=torch.Size([1, 4096, 5120])
Before input_layernorm: type=<class 'torch.Tensor'>, shape=torch.Size([1, 4096, 5120])
Before input_layernorm: type=<class 'torch.Tensor'>, shape=torch.Size([1, 4096, 5120])
Before input_layernorm: type=<class 'torch.Tensor'>, shape=torch.Size([1, 4096, 5120])
Before input_layernorm: type=<class 'torch.Tensor'>, shape=torch.Size([1, 4096, 5120])
Before input_layernorm: type=<class 'torch.Tensor'>, shape=torch.Size([1, 4096, 5120])
Before input_layernorm: type=<class 'torch.Tensor'>, shape=torch.Size([1, 4096, 5120])
Before input_layernorm: type=<class 'torch.Tensor'>, shape=torch.Size([1, 4096, 5120])
Before input_layernorm: type=<class 'torch.Tensor'>, shape=torch.Size([1, 4096, 5120])
Before input_layernorm: type=<class 'torch.Tensor'>, shape=torch.Size([1, 4096, 5120])
Before input_layernorm: type=<class 'torch.Tensor'>, shape=torch.Size([1, 4096, 5120])
Before input_layernorm: type=<class 'torch.Tensor'>, shape=torch.Size([1, 4096, 5120])
Before input_layernorm: type=<class 'torch.Tensor'>, shape=torch.Size([1, 4096, 5120])
Before input_layernorm: type=<class 'torch.Tensor'>, shape=torch.Size([1, 4096, 5120])
Before input_layernorm: type=<class 'torch.Tensor'>, shape=torch.Size([1, 4096, 5120])
Before input_layernorm: type=<class 'torch.Tensor'>, shape=torch.Size([1, 4096, 5120])
Before input_layernorm: type=<class 'torch.Tensor'>, shape=torch.Size([1, 4096, 5120])
Before input_layernorm: type=<class 'torch.Tensor'>, shape=torch.Size([1, 4096, 5120])
Before input_layernorm: type=<class 'torch.Tensor'>, shape=torch.Size([1, 4096, 5120])
Before input_layernorm: type=<class 'torch.Tensor'>, shape=torch.Size([1, 4096, 5120])
Before input_layernorm: type=<class 'torch.Tensor'>, shape=torch.Size([1, 4096, 5120])
Before input_layernorm: type=<class 'torch.Tensor'>, shape=torch.Size([1, 4096, 5120])
Before input_layernorm: type=<class 'torch.Tensor'>, shape=torch.Size([1, 4096, 5120])
Before input_layernorm: type=<class 'torch.Tensor'>, shape=torch.Size([1, 4096, 5120])
Before input_layernorm: type=<class 'torch.Tensor'>, shape=torch.Size([1, 4096, 5120])
Before input_layernorm: type=<class 'torch.Tensor'>, shape=torch.Size([1, 4096, 5120])
Before input_layernorm: type=<class 'torch.Tensor'>, shape=torch.Size([1, 4096, 5120])
Before input_layernorm: type=<class 'torch.Tensor'>, shape=torch.Size([1, 4096, 5120])
Before input_layernorm: type=<class 'torch.Tensor'>, shape=torch.Size([1, 4096, 5120])
Before input_layernorm: type=<class 'torch.Tensor'>, shape=torch.Size([1, 4096, 5120])
Before input_layernorm: type=<class 'torch.Tensor'>, shape=torch.Size([1, 4096, 5120])
Before input_layernorm: type=<class 'torch.Tensor'>, shape=torch.Size([1, 4096, 5120])
Before input_layernorm: type=<class 'torch.Tensor'>, shape=torch.Size([1, 4096, 5120])
Before input_layernorm: type=<class 'torch.Tensor'>, shape=torch.Size([1, 4096, 5120])
Before input_layernorm: type=<class 'torch.Tensor'>, shape=torch.Size([1, 4096, 5120])
Before input_layernorm: type=<class 'torch.Tensor'>, shape=torch.Size([1, 4096, 5120])
Before input_layernorm: type=<class 'torch.Tensor'>, shape=torch.Size([1, 4096, 5120])
Phase 2:  33%|███▎      | 10/30 [12:14<24:29, 73.49s/it]Before input_layernorm: type=<class 'torch.Tensor'>, shape=torch.Size([1, 4096, 5120])
Before input_layernorm: type=<class 'torch.Tensor'>, shape=torch.Size([1, 4096, 5120])
Before input_layernorm: type=<class 'torch.Tensor'>, shape=torch.Size([1, 4096, 5120])
Before input_layernorm: type=<class 'torch.Tensor'>, shape=torch.Size([1, 4096, 5120])
Before input_layernorm: type=<class 'torch.Tensor'>, shape=torch.Size([1, 4096, 5120])
Before input_layernorm: type=<class 'torch.Tensor'>, shape=torch.Size([1, 4096, 5120])
Before input_layernorm: type=<class 'torch.Tensor'>, shape=torch.Size([1, 4096, 5120])
Before input_layernorm: type=<class 'torch.Tensor'>, shape=torch.Size([1, 4096, 5120])
Before input_layernorm: type=<class 'torch.Tensor'>, shape=torch.Size([1, 4096, 5120])
Before input_layernorm: type=<class 'torch.Tensor'>, shape=torch.Size([1, 4096, 5120])
Before input_layernorm: type=<class 'torch.Tensor'>, shape=torch.Size([1, 4096, 5120])
Before input_layernorm: type=<class 'torch.Tensor'>, shape=torch.Size([1, 4096, 5120])
Before input_layernorm: type=<class 'torch.Tensor'>, shape=torch.Size([1, 4096, 5120])
Before input_layernorm: type=<class 'torch.Tensor'>, shape=torch.Size([1, 4096, 5120])
Before input_layernorm: type=<class 'torch.Tensor'>, shape=torch.Size([1, 4096, 5120])
Before input_layernorm: type=<class 'torch.Tensor'>, shape=torch.Size([1, 4096, 5120])
Before input_layernorm: type=<class 'torch.Tensor'>, shape=torch.Size([1, 4096, 5120])
Before input_layernorm: type=<class 'torch.Tensor'>, shape=torch.Size([1, 4096, 5120])
Before input_layernorm: type=<class 'torch.Tensor'>, shape=torch.Size([1, 4096, 5120])
Before input_layernorm: type=<class 'torch.Tensor'>, shape=torch.Size([1, 4096, 5120])
Before input_layernorm: type=<class 'torch.Tensor'>, shape=torch.Size([1, 4096, 5120])
Before input_layernorm: type=<class 'torch.Tensor'>, shape=torch.Size([1, 4096, 5120])
Before input_layernorm: type=<class 'torch.Tensor'>, shape=torch.Size([1, 4096, 5120])
Before input_layernorm: type=<class 'torch.Tensor'>, shape=torch.Size([1, 4096, 5120])
Before input_layernorm: type=<class 'torch.Tensor'>, shape=torch.Size([1, 4096, 5120])
Before input_layernorm: type=<class 'torch.Tensor'>, shape=torch.Size([1, 4096, 5120])
Before input_layernorm: type=<class 'torch.Tensor'>, shape=torch.Size([1, 4096, 5120])
Before input_layernorm: type=<class 'torch.Tensor'>, shape=torch.Size([1, 4096, 5120])
Before input_layernorm: type=<class 'torch.Tensor'>, shape=torch.Size([1, 4096, 5120])
Before input_layernorm: type=<class 'torch.Tensor'>, shape=torch.Size([1, 4096, 5120])
Before input_layernorm: type=<class 'torch.Tensor'>, shape=torch.Size([1, 4096, 5120])
Before input_layernorm: type=<class 'torch.Tensor'>, shape=torch.Size([1, 4096, 5120])
Before input_layernorm: type=<class 'torch.Tensor'>, shape=torch.Size([1, 4096, 5120])
Before input_layernorm: type=<class 'torch.Tensor'>, shape=torch.Size([1, 4096, 5120])
Before input_layernorm: type=<class 'torch.Tensor'>, shape=torch.Size([1, 4096, 5120])
Before input_layernorm: type=<class 'torch.Tensor'>, shape=torch.Size([1, 4096, 5120])
Before input_layernorm: type=<class 'torch.Tensor'>, shape=torch.Size([1, 4096, 5120])
Before input_layernorm: type=<class 'torch.Tensor'>, shape=torch.Size([1, 4096, 5120])
Before input_layernorm: type=<class 'torch.Tensor'>, shape=torch.Size([1, 4096, 5120])
Before input_layernorm: type=<class 'torch.Tensor'>, shape=torch.Size([1, 4096, 5120])
Phase 2:  37%|███▋      | 11/30 [13:28<23:17, 73.54s/it]Before input_layernorm: type=<class 'torch.Tensor'>, shape=torch.Size([1, 4096, 5120])
Before input_layernorm: type=<class 'torch.Tensor'>, shape=torch.Size([1, 4096, 5120])
Before input_layernorm: type=<class 'torch.Tensor'>, shape=torch.Size([1, 4096, 5120])
Before input_layernorm: type=<class 'torch.Tensor'>, shape=torch.Size([1, 4096, 5120])
Before input_layernorm: type=<class 'torch.Tensor'>, shape=torch.Size([1, 4096, 5120])
Before input_layernorm: type=<class 'torch.Tensor'>, shape=torch.Size([1, 4096, 5120])
Before input_layernorm: type=<class 'torch.Tensor'>, shape=torch.Size([1, 4096, 5120])
Before input_layernorm: type=<class 'torch.Tensor'>, shape=torch.Size([1, 4096, 5120])
Before input_layernorm: type=<class 'torch.Tensor'>, shape=torch.Size([1, 4096, 5120])
Before input_layernorm: type=<class 'torch.Tensor'>, shape=torch.Size([1, 4096, 5120])
Before input_layernorm: type=<class 'torch.Tensor'>, shape=torch.Size([1, 4096, 5120])
Before input_layernorm: type=<class 'torch.Tensor'>, shape=torch.Size([1, 4096, 5120])
Before input_layernorm: type=<class 'torch.Tensor'>, shape=torch.Size([1, 4096, 5120])
Before input_layernorm: type=<class 'torch.Tensor'>, shape=torch.Size([1, 4096, 5120])
Before input_layernorm: type=<class 'torch.Tensor'>, shape=torch.Size([1, 4096, 5120])
Before input_layernorm: type=<class 'torch.Tensor'>, shape=torch.Size([1, 4096, 5120])
Before input_layernorm: type=<class 'torch.Tensor'>, shape=torch.Size([1, 4096, 5120])
Before input_layernorm: type=<class 'torch.Tensor'>, shape=torch.Size([1, 4096, 5120])
Before input_layernorm: type=<class 'torch.Tensor'>, shape=torch.Size([1, 4096, 5120])
Before input_layernorm: type=<class 'torch.Tensor'>, shape=torch.Size([1, 4096, 5120])
Before input_layernorm: type=<class 'torch.Tensor'>, shape=torch.Size([1, 4096, 5120])
Before input_layernorm: type=<class 'torch.Tensor'>, shape=torch.Size([1, 4096, 5120])
Before input_layernorm: type=<class 'torch.Tensor'>, shape=torch.Size([1, 4096, 5120])
Before input_layernorm: type=<class 'torch.Tensor'>, shape=torch.Size([1, 4096, 5120])
Before input_layernorm: type=<class 'torch.Tensor'>, shape=torch.Size([1, 4096, 5120])
Before input_layernorm: type=<class 'torch.Tensor'>, shape=torch.Size([1, 4096, 5120])
Before input_layernorm: type=<class 'torch.Tensor'>, shape=torch.Size([1, 4096, 5120])
Before input_layernorm: type=<class 'torch.Tensor'>, shape=torch.Size([1, 4096, 5120])
Before input_layernorm: type=<class 'torch.Tensor'>, shape=torch.Size([1, 4096, 5120])
Before input_layernorm: type=<class 'torch.Tensor'>, shape=torch.Size([1, 4096, 5120])
Before input_layernorm: type=<class 'torch.Tensor'>, shape=torch.Size([1, 4096, 5120])
Before input_layernorm: type=<class 'torch.Tensor'>, shape=torch.Size([1, 4096, 5120])
Before input_layernorm: type=<class 'torch.Tensor'>, shape=torch.Size([1, 4096, 5120])
Before input_layernorm: type=<class 'torch.Tensor'>, shape=torch.Size([1, 4096, 5120])
Before input_layernorm: type=<class 'torch.Tensor'>, shape=torch.Size([1, 4096, 5120])
Before input_layernorm: type=<class 'torch.Tensor'>, shape=torch.Size([1, 4096, 5120])
Before input_layernorm: type=<class 'torch.Tensor'>, shape=torch.Size([1, 4096, 5120])
Before input_layernorm: type=<class 'torch.Tensor'>, shape=torch.Size([1, 4096, 5120])
Before input_layernorm: type=<class 'torch.Tensor'>, shape=torch.Size([1, 4096, 5120])
Before input_layernorm: type=<class 'torch.Tensor'>, shape=torch.Size([1, 4096, 5120])
Phase 2:  40%|████      | 12/30 [14:42<22:04, 73.58s/it]Before input_layernorm: type=<class 'torch.Tensor'>, shape=torch.Size([1, 4096, 5120])
Before input_layernorm: type=<class 'torch.Tensor'>, shape=torch.Size([1, 4096, 5120])
Before input_layernorm: type=<class 'torch.Tensor'>, shape=torch.Size([1, 4096, 5120])
Before input_layernorm: type=<class 'torch.Tensor'>, shape=torch.Size([1, 4096, 5120])
Before input_layernorm: type=<class 'torch.Tensor'>, shape=torch.Size([1, 4096, 5120])
Before input_layernorm: type=<class 'torch.Tensor'>, shape=torch.Size([1, 4096, 5120])
Before input_layernorm: type=<class 'torch.Tensor'>, shape=torch.Size([1, 4096, 5120])
Before input_layernorm: type=<class 'torch.Tensor'>, shape=torch.Size([1, 4096, 5120])
Before input_layernorm: type=<class 'torch.Tensor'>, shape=torch.Size([1, 4096, 5120])
Before input_layernorm: type=<class 'torch.Tensor'>, shape=torch.Size([1, 4096, 5120])
Before input_layernorm: type=<class 'torch.Tensor'>, shape=torch.Size([1, 4096, 5120])
Before input_layernorm: type=<class 'torch.Tensor'>, shape=torch.Size([1, 4096, 5120])
Before input_layernorm: type=<class 'torch.Tensor'>, shape=torch.Size([1, 4096, 5120])
Before input_layernorm: type=<class 'torch.Tensor'>, shape=torch.Size([1, 4096, 5120])
Before input_layernorm: type=<class 'torch.Tensor'>, shape=torch.Size([1, 4096, 5120])
Before input_layernorm: type=<class 'torch.Tensor'>, shape=torch.Size([1, 4096, 5120])
Before input_layernorm: type=<class 'torch.Tensor'>, shape=torch.Size([1, 4096, 5120])
Before input_layernorm: type=<class 'torch.Tensor'>, shape=torch.Size([1, 4096, 5120])
Before input_layernorm: type=<class 'torch.Tensor'>, shape=torch.Size([1, 4096, 5120])
Before input_layernorm: type=<class 'torch.Tensor'>, shape=torch.Size([1, 4096, 5120])
Before input_layernorm: type=<class 'torch.Tensor'>, shape=torch.Size([1, 4096, 5120])
Before input_layernorm: type=<class 'torch.Tensor'>, shape=torch.Size([1, 4096, 5120])
Before input_layernorm: type=<class 'torch.Tensor'>, shape=torch.Size([1, 4096, 5120])
Before input_layernorm: type=<class 'torch.Tensor'>, shape=torch.Size([1, 4096, 5120])
Before input_layernorm: type=<class 'torch.Tensor'>, shape=torch.Size([1, 4096, 5120])
Before input_layernorm: type=<class 'torch.Tensor'>, shape=torch.Size([1, 4096, 5120])
Before input_layernorm: type=<class 'torch.Tensor'>, shape=torch.Size([1, 4096, 5120])
Before input_layernorm: type=<class 'torch.Tensor'>, shape=torch.Size([1, 4096, 5120])
Before input_layernorm: type=<class 'torch.Tensor'>, shape=torch.Size([1, 4096, 5120])
Before input_layernorm: type=<class 'torch.Tensor'>, shape=torch.Size([1, 4096, 5120])
Before input_layernorm: type=<class 'torch.Tensor'>, shape=torch.Size([1, 4096, 5120])
Before input_layernorm: type=<class 'torch.Tensor'>, shape=torch.Size([1, 4096, 5120])
Before input_layernorm: type=<class 'torch.Tensor'>, shape=torch.Size([1, 4096, 5120])
Before input_layernorm: type=<class 'torch.Tensor'>, shape=torch.Size([1, 4096, 5120])
Before input_layernorm: type=<class 'torch.Tensor'>, shape=torch.Size([1, 4096, 5120])
Before input_layernorm: type=<class 'torch.Tensor'>, shape=torch.Size([1, 4096, 5120])
Before input_layernorm: type=<class 'torch.Tensor'>, shape=torch.Size([1, 4096, 5120])
Before input_layernorm: type=<class 'torch.Tensor'>, shape=torch.Size([1, 4096, 5120])
Before input_layernorm: type=<class 'torch.Tensor'>, shape=torch.Size([1, 4096, 5120])
Before input_layernorm: type=<class 'torch.Tensor'>, shape=torch.Size([1, 4096, 5120])
Phase 2:  43%|████▎     | 13/30 [15:55<20:52, 73.70s/it]Before input_layernorm: type=<class 'torch.Tensor'>, shape=torch.Size([1, 4096, 5120])
Before input_layernorm: type=<class 'torch.Tensor'>, shape=torch.Size([1, 4096, 5120])
Before input_layernorm: type=<class 'torch.Tensor'>, shape=torch.Size([1, 4096, 5120])
Before input_layernorm: type=<class 'torch.Tensor'>, shape=torch.Size([1, 4096, 5120])
Before input_layernorm: type=<class 'torch.Tensor'>, shape=torch.Size([1, 4096, 5120])
Before input_layernorm: type=<class 'torch.Tensor'>, shape=torch.Size([1, 4096, 5120])
Before input_layernorm: type=<class 'torch.Tensor'>, shape=torch.Size([1, 4096, 5120])
Before input_layernorm: type=<class 'torch.Tensor'>, shape=torch.Size([1, 4096, 5120])
Before input_layernorm: type=<class 'torch.Tensor'>, shape=torch.Size([1, 4096, 5120])
Before input_layernorm: type=<class 'torch.Tensor'>, shape=torch.Size([1, 4096, 5120])
Before input_layernorm: type=<class 'torch.Tensor'>, shape=torch.Size([1, 4096, 5120])
Before input_layernorm: type=<class 'torch.Tensor'>, shape=torch.Size([1, 4096, 5120])
Before input_layernorm: type=<class 'torch.Tensor'>, shape=torch.Size([1, 4096, 5120])
Before input_layernorm: type=<class 'torch.Tensor'>, shape=torch.Size([1, 4096, 5120])
Before input_layernorm: type=<class 'torch.Tensor'>, shape=torch.Size([1, 4096, 5120])
Before input_layernorm: type=<class 'torch.Tensor'>, shape=torch.Size([1, 4096, 5120])
Before input_layernorm: type=<class 'torch.Tensor'>, shape=torch.Size([1, 4096, 5120])
Before input_layernorm: type=<class 'torch.Tensor'>, shape=torch.Size([1, 4096, 5120])
Before input_layernorm: type=<class 'torch.Tensor'>, shape=torch.Size([1, 4096, 5120])
Before input_layernorm: type=<class 'torch.Tensor'>, shape=torch.Size([1, 4096, 5120])
Before input_layernorm: type=<class 'torch.Tensor'>, shape=torch.Size([1, 4096, 5120])
Before input_layernorm: type=<class 'torch.Tensor'>, shape=torch.Size([1, 4096, 5120])
Before input_layernorm: type=<class 'torch.Tensor'>, shape=torch.Size([1, 4096, 5120])
Before input_layernorm: type=<class 'torch.Tensor'>, shape=torch.Size([1, 4096, 5120])
Before input_layernorm: type=<class 'torch.Tensor'>, shape=torch.Size([1, 4096, 5120])
Before input_layernorm: type=<class 'torch.Tensor'>, shape=torch.Size([1, 4096, 5120])
Before input_layernorm: type=<class 'torch.Tensor'>, shape=torch.Size([1, 4096, 5120])
Before input_layernorm: type=<class 'torch.Tensor'>, shape=torch.Size([1, 4096, 5120])
Before input_layernorm: type=<class 'torch.Tensor'>, shape=torch.Size([1, 4096, 5120])
Before input_layernorm: type=<class 'torch.Tensor'>, shape=torch.Size([1, 4096, 5120])
Before input_layernorm: type=<class 'torch.Tensor'>, shape=torch.Size([1, 4096, 5120])
Before input_layernorm: type=<class 'torch.Tensor'>, shape=torch.Size([1, 4096, 5120])
Before input_layernorm: type=<class 'torch.Tensor'>, shape=torch.Size([1, 4096, 5120])
Before input_layernorm: type=<class 'torch.Tensor'>, shape=torch.Size([1, 4096, 5120])
Before input_layernorm: type=<class 'torch.Tensor'>, shape=torch.Size([1, 4096, 5120])
Before input_layernorm: type=<class 'torch.Tensor'>, shape=torch.Size([1, 4096, 5120])
Before input_layernorm: type=<class 'torch.Tensor'>, shape=torch.Size([1, 4096, 5120])
Before input_layernorm: type=<class 'torch.Tensor'>, shape=torch.Size([1, 4096, 5120])
Before input_layernorm: type=<class 'torch.Tensor'>, shape=torch.Size([1, 4096, 5120])
Before input_layernorm: type=<class 'torch.Tensor'>, shape=torch.Size([1, 4096, 5120])
Phase 2:  47%|████▋     | 14/30 [17:10<19:41, 73.83s/it]Before input_layernorm: type=<class 'torch.Tensor'>, shape=torch.Size([1, 4096, 5120])
Before input_layernorm: type=<class 'torch.Tensor'>, shape=torch.Size([1, 4096, 5120])
Before input_layernorm: type=<class 'torch.Tensor'>, shape=torch.Size([1, 4096, 5120])
Before input_layernorm: type=<class 'torch.Tensor'>, shape=torch.Size([1, 4096, 5120])
Before input_layernorm: type=<class 'torch.Tensor'>, shape=torch.Size([1, 4096, 5120])
Before input_layernorm: type=<class 'torch.Tensor'>, shape=torch.Size([1, 4096, 5120])
Before input_layernorm: type=<class 'torch.Tensor'>, shape=torch.Size([1, 4096, 5120])
Before input_layernorm: type=<class 'torch.Tensor'>, shape=torch.Size([1, 4096, 5120])
Before input_layernorm: type=<class 'torch.Tensor'>, shape=torch.Size([1, 4096, 5120])
Before input_layernorm: type=<class 'torch.Tensor'>, shape=torch.Size([1, 4096, 5120])
Before input_layernorm: type=<class 'torch.Tensor'>, shape=torch.Size([1, 4096, 5120])
Before input_layernorm: type=<class 'torch.Tensor'>, shape=torch.Size([1, 4096, 5120])
Before input_layernorm: type=<class 'torch.Tensor'>, shape=torch.Size([1, 4096, 5120])
Before input_layernorm: type=<class 'torch.Tensor'>, shape=torch.Size([1, 4096, 5120])
Before input_layernorm: type=<class 'torch.Tensor'>, shape=torch.Size([1, 4096, 5120])
Before input_layernorm: type=<class 'torch.Tensor'>, shape=torch.Size([1, 4096, 5120])
Before input_layernorm: type=<class 'torch.Tensor'>, shape=torch.Size([1, 4096, 5120])
Before input_layernorm: type=<class 'torch.Tensor'>, shape=torch.Size([1, 4096, 5120])
Before input_layernorm: type=<class 'torch.Tensor'>, shape=torch.Size([1, 4096, 5120])
Before input_layernorm: type=<class 'torch.Tensor'>, shape=torch.Size([1, 4096, 5120])
Before input_layernorm: type=<class 'torch.Tensor'>, shape=torch.Size([1, 4096, 5120])
Before input_layernorm: type=<class 'torch.Tensor'>, shape=torch.Size([1, 4096, 5120])
Before input_layernorm: type=<class 'torch.Tensor'>, shape=torch.Size([1, 4096, 5120])
Before input_layernorm: type=<class 'torch.Tensor'>, shape=torch.Size([1, 4096, 5120])
Before input_layernorm: type=<class 'torch.Tensor'>, shape=torch.Size([1, 4096, 5120])
Before input_layernorm: type=<class 'torch.Tensor'>, shape=torch.Size([1, 4096, 5120])
Before input_layernorm: type=<class 'torch.Tensor'>, shape=torch.Size([1, 4096, 5120])
Before input_layernorm: type=<class 'torch.Tensor'>, shape=torch.Size([1, 4096, 5120])
Before input_layernorm: type=<class 'torch.Tensor'>, shape=torch.Size([1, 4096, 5120])
Before input_layernorm: type=<class 'torch.Tensor'>, shape=torch.Size([1, 4096, 5120])
Before input_layernorm: type=<class 'torch.Tensor'>, shape=torch.Size([1, 4096, 5120])
Before input_layernorm: type=<class 'torch.Tensor'>, shape=torch.Size([1, 4096, 5120])
Before input_layernorm: type=<class 'torch.Tensor'>, shape=torch.Size([1, 4096, 5120])
Before input_layernorm: type=<class 'torch.Tensor'>, shape=torch.Size([1, 4096, 5120])
Before input_layernorm: type=<class 'torch.Tensor'>, shape=torch.Size([1, 4096, 5120])
Before input_layernorm: type=<class 'torch.Tensor'>, shape=torch.Size([1, 4096, 5120])
Before input_layernorm: type=<class 'torch.Tensor'>, shape=torch.Size([1, 4096, 5120])
Before input_layernorm: type=<class 'torch.Tensor'>, shape=torch.Size([1, 4096, 5120])
Before input_layernorm: type=<class 'torch.Tensor'>, shape=torch.Size([1, 4096, 5120])
Before input_layernorm: type=<class 'torch.Tensor'>, shape=torch.Size([1, 4096, 5120])
Phase 2:  50%|█████     | 15/30 [18:24<18:28, 73.88s/it]Before input_layernorm: type=<class 'torch.Tensor'>, shape=torch.Size([1, 4096, 5120])
Before input_layernorm: type=<class 'torch.Tensor'>, shape=torch.Size([1, 4096, 5120])
Before input_layernorm: type=<class 'torch.Tensor'>, shape=torch.Size([1, 4096, 5120])
Before input_layernorm: type=<class 'torch.Tensor'>, shape=torch.Size([1, 4096, 5120])
Before input_layernorm: type=<class 'torch.Tensor'>, shape=torch.Size([1, 4096, 5120])
Before input_layernorm: type=<class 'torch.Tensor'>, shape=torch.Size([1, 4096, 5120])
Before input_layernorm: type=<class 'torch.Tensor'>, shape=torch.Size([1, 4096, 5120])
Before input_layernorm: type=<class 'torch.Tensor'>, shape=torch.Size([1, 4096, 5120])
Before input_layernorm: type=<class 'torch.Tensor'>, shape=torch.Size([1, 4096, 5120])
Before input_layernorm: type=<class 'torch.Tensor'>, shape=torch.Size([1, 4096, 5120])
Before input_layernorm: type=<class 'torch.Tensor'>, shape=torch.Size([1, 4096, 5120])
Before input_layernorm: type=<class 'torch.Tensor'>, shape=torch.Size([1, 4096, 5120])
Before input_layernorm: type=<class 'torch.Tensor'>, shape=torch.Size([1, 4096, 5120])
Before input_layernorm: type=<class 'torch.Tensor'>, shape=torch.Size([1, 4096, 5120])
Before input_layernorm: type=<class 'torch.Tensor'>, shape=torch.Size([1, 4096, 5120])
Before input_layernorm: type=<class 'torch.Tensor'>, shape=torch.Size([1, 4096, 5120])
Before input_layernorm: type=<class 'torch.Tensor'>, shape=torch.Size([1, 4096, 5120])
Before input_layernorm: type=<class 'torch.Tensor'>, shape=torch.Size([1, 4096, 5120])
Before input_layernorm: type=<class 'torch.Tensor'>, shape=torch.Size([1, 4096, 5120])
Before input_layernorm: type=<class 'torch.Tensor'>, shape=torch.Size([1, 4096, 5120])
Before input_layernorm: type=<class 'torch.Tensor'>, shape=torch.Size([1, 4096, 5120])
Before input_layernorm: type=<class 'torch.Tensor'>, shape=torch.Size([1, 4096, 5120])
Before input_layernorm: type=<class 'torch.Tensor'>, shape=torch.Size([1, 4096, 5120])
Before input_layernorm: type=<class 'torch.Tensor'>, shape=torch.Size([1, 4096, 5120])
Before input_layernorm: type=<class 'torch.Tensor'>, shape=torch.Size([1, 4096, 5120])
Before input_layernorm: type=<class 'torch.Tensor'>, shape=torch.Size([1, 4096, 5120])
Before input_layernorm: type=<class 'torch.Tensor'>, shape=torch.Size([1, 4096, 5120])
Before input_layernorm: type=<class 'torch.Tensor'>, shape=torch.Size([1, 4096, 5120])
Before input_layernorm: type=<class 'torch.Tensor'>, shape=torch.Size([1, 4096, 5120])
Before input_layernorm: type=<class 'torch.Tensor'>, shape=torch.Size([1, 4096, 5120])
Before input_layernorm: type=<class 'torch.Tensor'>, shape=torch.Size([1, 4096, 5120])
Before input_layernorm: type=<class 'torch.Tensor'>, shape=torch.Size([1, 4096, 5120])
Before input_layernorm: type=<class 'torch.Tensor'>, shape=torch.Size([1, 4096, 5120])
Before input_layernorm: type=<class 'torch.Tensor'>, shape=torch.Size([1, 4096, 5120])
Before input_layernorm: type=<class 'torch.Tensor'>, shape=torch.Size([1, 4096, 5120])
Before input_layernorm: type=<class 'torch.Tensor'>, shape=torch.Size([1, 4096, 5120])
Before input_layernorm: type=<class 'torch.Tensor'>, shape=torch.Size([1, 4096, 5120])
Before input_layernorm: type=<class 'torch.Tensor'>, shape=torch.Size([1, 4096, 5120])
Before input_layernorm: type=<class 'torch.Tensor'>, shape=torch.Size([1, 4096, 5120])
Before input_layernorm: type=<class 'torch.Tensor'>, shape=torch.Size([1, 4096, 5120])
Phase 2:  53%|█████▎    | 16/30 [19:37<17:12, 73.73s/it]Before input_layernorm: type=<class 'torch.Tensor'>, shape=torch.Size([1, 4096, 5120])
Before input_layernorm: type=<class 'torch.Tensor'>, shape=torch.Size([1, 4096, 5120])
Before input_layernorm: type=<class 'torch.Tensor'>, shape=torch.Size([1, 4096, 5120])
Before input_layernorm: type=<class 'torch.Tensor'>, shape=torch.Size([1, 4096, 5120])
Before input_layernorm: type=<class 'torch.Tensor'>, shape=torch.Size([1, 4096, 5120])
Before input_layernorm: type=<class 'torch.Tensor'>, shape=torch.Size([1, 4096, 5120])
Before input_layernorm: type=<class 'torch.Tensor'>, shape=torch.Size([1, 4096, 5120])
Before input_layernorm: type=<class 'torch.Tensor'>, shape=torch.Size([1, 4096, 5120])
Before input_layernorm: type=<class 'torch.Tensor'>, shape=torch.Size([1, 4096, 5120])
Before input_layernorm: type=<class 'torch.Tensor'>, shape=torch.Size([1, 4096, 5120])
Before input_layernorm: type=<class 'torch.Tensor'>, shape=torch.Size([1, 4096, 5120])
Before input_layernorm: type=<class 'torch.Tensor'>, shape=torch.Size([1, 4096, 5120])
Before input_layernorm: type=<class 'torch.Tensor'>, shape=torch.Size([1, 4096, 5120])
Before input_layernorm: type=<class 'torch.Tensor'>, shape=torch.Size([1, 4096, 5120])
Before input_layernorm: type=<class 'torch.Tensor'>, shape=torch.Size([1, 4096, 5120])
Before input_layernorm: type=<class 'torch.Tensor'>, shape=torch.Size([1, 4096, 5120])
Before input_layernorm: type=<class 'torch.Tensor'>, shape=torch.Size([1, 4096, 5120])
Before input_layernorm: type=<class 'torch.Tensor'>, shape=torch.Size([1, 4096, 5120])
Before input_layernorm: type=<class 'torch.Tensor'>, shape=torch.Size([1, 4096, 5120])
Before input_layernorm: type=<class 'torch.Tensor'>, shape=torch.Size([1, 4096, 5120])
Before input_layernorm: type=<class 'torch.Tensor'>, shape=torch.Size([1, 4096, 5120])
Before input_layernorm: type=<class 'torch.Tensor'>, shape=torch.Size([1, 4096, 5120])
Before input_layernorm: type=<class 'torch.Tensor'>, shape=torch.Size([1, 4096, 5120])
Before input_layernorm: type=<class 'torch.Tensor'>, shape=torch.Size([1, 4096, 5120])
Before input_layernorm: type=<class 'torch.Tensor'>, shape=torch.Size([1, 4096, 5120])
Before input_layernorm: type=<class 'torch.Tensor'>, shape=torch.Size([1, 4096, 5120])
Before input_layernorm: type=<class 'torch.Tensor'>, shape=torch.Size([1, 4096, 5120])
Before input_layernorm: type=<class 'torch.Tensor'>, shape=torch.Size([1, 4096, 5120])
Before input_layernorm: type=<class 'torch.Tensor'>, shape=torch.Size([1, 4096, 5120])
Before input_layernorm: type=<class 'torch.Tensor'>, shape=torch.Size([1, 4096, 5120])
Before input_layernorm: type=<class 'torch.Tensor'>, shape=torch.Size([1, 4096, 5120])
Before input_layernorm: type=<class 'torch.Tensor'>, shape=torch.Size([1, 4096, 5120])
Before input_layernorm: type=<class 'torch.Tensor'>, shape=torch.Size([1, 4096, 5120])
Before input_layernorm: type=<class 'torch.Tensor'>, shape=torch.Size([1, 4096, 5120])
Before input_layernorm: type=<class 'torch.Tensor'>, shape=torch.Size([1, 4096, 5120])
Before input_layernorm: type=<class 'torch.Tensor'>, shape=torch.Size([1, 4096, 5120])
Before input_layernorm: type=<class 'torch.Tensor'>, shape=torch.Size([1, 4096, 5120])
Before input_layernorm: type=<class 'torch.Tensor'>, shape=torch.Size([1, 4096, 5120])
Before input_layernorm: type=<class 'torch.Tensor'>, shape=torch.Size([1, 4096, 5120])
Before input_layernorm: type=<class 'torch.Tensor'>, shape=torch.Size([1, 4096, 5120])
Phase 2:  57%|█████▋    | 17/30 [20:51<15:59, 73.80s/it]Before input_layernorm: type=<class 'torch.Tensor'>, shape=torch.Size([1, 4096, 5120])
Before input_layernorm: type=<class 'torch.Tensor'>, shape=torch.Size([1, 4096, 5120])
Before input_layernorm: type=<class 'torch.Tensor'>, shape=torch.Size([1, 4096, 5120])
Before input_layernorm: type=<class 'torch.Tensor'>, shape=torch.Size([1, 4096, 5120])
Before input_layernorm: type=<class 'torch.Tensor'>, shape=torch.Size([1, 4096, 5120])
Before input_layernorm: type=<class 'torch.Tensor'>, shape=torch.Size([1, 4096, 5120])
Before input_layernorm: type=<class 'torch.Tensor'>, shape=torch.Size([1, 4096, 5120])
Before input_layernorm: type=<class 'torch.Tensor'>, shape=torch.Size([1, 4096, 5120])
Before input_layernorm: type=<class 'torch.Tensor'>, shape=torch.Size([1, 4096, 5120])
Before input_layernorm: type=<class 'torch.Tensor'>, shape=torch.Size([1, 4096, 5120])
Before input_layernorm: type=<class 'torch.Tensor'>, shape=torch.Size([1, 4096, 5120])
Before input_layernorm: type=<class 'torch.Tensor'>, shape=torch.Size([1, 4096, 5120])
Before input_layernorm: type=<class 'torch.Tensor'>, shape=torch.Size([1, 4096, 5120])
Before input_layernorm: type=<class 'torch.Tensor'>, shape=torch.Size([1, 4096, 5120])
Before input_layernorm: type=<class 'torch.Tensor'>, shape=torch.Size([1, 4096, 5120])
Before input_layernorm: type=<class 'torch.Tensor'>, shape=torch.Size([1, 4096, 5120])
Before input_layernorm: type=<class 'torch.Tensor'>, shape=torch.Size([1, 4096, 5120])
Before input_layernorm: type=<class 'torch.Tensor'>, shape=torch.Size([1, 4096, 5120])
Before input_layernorm: type=<class 'torch.Tensor'>, shape=torch.Size([1, 4096, 5120])
Before input_layernorm: type=<class 'torch.Tensor'>, shape=torch.Size([1, 4096, 5120])
Before input_layernorm: type=<class 'torch.Tensor'>, shape=torch.Size([1, 4096, 5120])
Before input_layernorm: type=<class 'torch.Tensor'>, shape=torch.Size([1, 4096, 5120])
Before input_layernorm: type=<class 'torch.Tensor'>, shape=torch.Size([1, 4096, 5120])
Before input_layernorm: type=<class 'torch.Tensor'>, shape=torch.Size([1, 4096, 5120])
Before input_layernorm: type=<class 'torch.Tensor'>, shape=torch.Size([1, 4096, 5120])
Before input_layernorm: type=<class 'torch.Tensor'>, shape=torch.Size([1, 4096, 5120])
Before input_layernorm: type=<class 'torch.Tensor'>, shape=torch.Size([1, 4096, 5120])
Before input_layernorm: type=<class 'torch.Tensor'>, shape=torch.Size([1, 4096, 5120])
Before input_layernorm: type=<class 'torch.Tensor'>, shape=torch.Size([1, 4096, 5120])
Before input_layernorm: type=<class 'torch.Tensor'>, shape=torch.Size([1, 4096, 5120])
Before input_layernorm: type=<class 'torch.Tensor'>, shape=torch.Size([1, 4096, 5120])
Before input_layernorm: type=<class 'torch.Tensor'>, shape=torch.Size([1, 4096, 5120])
Before input_layernorm: type=<class 'torch.Tensor'>, shape=torch.Size([1, 4096, 5120])
Before input_layernorm: type=<class 'torch.Tensor'>, shape=torch.Size([1, 4096, 5120])
Before input_layernorm: type=<class 'torch.Tensor'>, shape=torch.Size([1, 4096, 5120])
Before input_layernorm: type=<class 'torch.Tensor'>, shape=torch.Size([1, 4096, 5120])
Before input_layernorm: type=<class 'torch.Tensor'>, shape=torch.Size([1, 4096, 5120])
Before input_layernorm: type=<class 'torch.Tensor'>, shape=torch.Size([1, 4096, 5120])
Before input_layernorm: type=<class 'torch.Tensor'>, shape=torch.Size([1, 4096, 5120])
Before input_layernorm: type=<class 'torch.Tensor'>, shape=torch.Size([1, 4096, 5120])
Phase 2:  60%|██████    | 18/30 [22:05<14:47, 73.99s/it]Before input_layernorm: type=<class 'torch.Tensor'>, shape=torch.Size([1, 4096, 5120])
Before input_layernorm: type=<class 'torch.Tensor'>, shape=torch.Size([1, 4096, 5120])
Before input_layernorm: type=<class 'torch.Tensor'>, shape=torch.Size([1, 4096, 5120])
Before input_layernorm: type=<class 'torch.Tensor'>, shape=torch.Size([1, 4096, 5120])
Before input_layernorm: type=<class 'torch.Tensor'>, shape=torch.Size([1, 4096, 5120])
Before input_layernorm: type=<class 'torch.Tensor'>, shape=torch.Size([1, 4096, 5120])
Before input_layernorm: type=<class 'torch.Tensor'>, shape=torch.Size([1, 4096, 5120])
Before input_layernorm: type=<class 'torch.Tensor'>, shape=torch.Size([1, 4096, 5120])
Before input_layernorm: type=<class 'torch.Tensor'>, shape=torch.Size([1, 4096, 5120])
Before input_layernorm: type=<class 'torch.Tensor'>, shape=torch.Size([1, 4096, 5120])
Before input_layernorm: type=<class 'torch.Tensor'>, shape=torch.Size([1, 4096, 5120])
Before input_layernorm: type=<class 'torch.Tensor'>, shape=torch.Size([1, 4096, 5120])
Before input_layernorm: type=<class 'torch.Tensor'>, shape=torch.Size([1, 4096, 5120])
Before input_layernorm: type=<class 'torch.Tensor'>, shape=torch.Size([1, 4096, 5120])
Before input_layernorm: type=<class 'torch.Tensor'>, shape=torch.Size([1, 4096, 5120])
Before input_layernorm: type=<class 'torch.Tensor'>, shape=torch.Size([1, 4096, 5120])
Before input_layernorm: type=<class 'torch.Tensor'>, shape=torch.Size([1, 4096, 5120])
Before input_layernorm: type=<class 'torch.Tensor'>, shape=torch.Size([1, 4096, 5120])
Before input_layernorm: type=<class 'torch.Tensor'>, shape=torch.Size([1, 4096, 5120])
Before input_layernorm: type=<class 'torch.Tensor'>, shape=torch.Size([1, 4096, 5120])
Before input_layernorm: type=<class 'torch.Tensor'>, shape=torch.Size([1, 4096, 5120])
Before input_layernorm: type=<class 'torch.Tensor'>, shape=torch.Size([1, 4096, 5120])
Before input_layernorm: type=<class 'torch.Tensor'>, shape=torch.Size([1, 4096, 5120])
Before input_layernorm: type=<class 'torch.Tensor'>, shape=torch.Size([1, 4096, 5120])
Before input_layernorm: type=<class 'torch.Tensor'>, shape=torch.Size([1, 4096, 5120])
Before input_layernorm: type=<class 'torch.Tensor'>, shape=torch.Size([1, 4096, 5120])
Before input_layernorm: type=<class 'torch.Tensor'>, shape=torch.Size([1, 4096, 5120])
Before input_layernorm: type=<class 'torch.Tensor'>, shape=torch.Size([1, 4096, 5120])
Before input_layernorm: type=<class 'torch.Tensor'>, shape=torch.Size([1, 4096, 5120])
Before input_layernorm: type=<class 'torch.Tensor'>, shape=torch.Size([1, 4096, 5120])
Before input_layernorm: type=<class 'torch.Tensor'>, shape=torch.Size([1, 4096, 5120])
Before input_layernorm: type=<class 'torch.Tensor'>, shape=torch.Size([1, 4096, 5120])
Before input_layernorm: type=<class 'torch.Tensor'>, shape=torch.Size([1, 4096, 5120])
Before input_layernorm: type=<class 'torch.Tensor'>, shape=torch.Size([1, 4096, 5120])
Before input_layernorm: type=<class 'torch.Tensor'>, shape=torch.Size([1, 4096, 5120])
Before input_layernorm: type=<class 'torch.Tensor'>, shape=torch.Size([1, 4096, 5120])
Before input_layernorm: type=<class 'torch.Tensor'>, shape=torch.Size([1, 4096, 5120])
Before input_layernorm: type=<class 'torch.Tensor'>, shape=torch.Size([1, 4096, 5120])
Before input_layernorm: type=<class 'torch.Tensor'>, shape=torch.Size([1, 4096, 5120])
Before input_layernorm: type=<class 'torch.Tensor'>, shape=torch.Size([1, 4096, 5120])
Phase 2:  63%|██████▎   | 19/30 [23:19<13:31, 73.78s/it]Before input_layernorm: type=<class 'torch.Tensor'>, shape=torch.Size([1, 4096, 5120])
Before input_layernorm: type=<class 'torch.Tensor'>, shape=torch.Size([1, 4096, 5120])
Before input_layernorm: type=<class 'torch.Tensor'>, shape=torch.Size([1, 4096, 5120])
Before input_layernorm: type=<class 'torch.Tensor'>, shape=torch.Size([1, 4096, 5120])
Before input_layernorm: type=<class 'torch.Tensor'>, shape=torch.Size([1, 4096, 5120])
Before input_layernorm: type=<class 'torch.Tensor'>, shape=torch.Size([1, 4096, 5120])
Before input_layernorm: type=<class 'torch.Tensor'>, shape=torch.Size([1, 4096, 5120])
Before input_layernorm: type=<class 'torch.Tensor'>, shape=torch.Size([1, 4096, 5120])
Before input_layernorm: type=<class 'torch.Tensor'>, shape=torch.Size([1, 4096, 5120])
Before input_layernorm: type=<class 'torch.Tensor'>, shape=torch.Size([1, 4096, 5120])
Before input_layernorm: type=<class 'torch.Tensor'>, shape=torch.Size([1, 4096, 5120])
Before input_layernorm: type=<class 'torch.Tensor'>, shape=torch.Size([1, 4096, 5120])
Before input_layernorm: type=<class 'torch.Tensor'>, shape=torch.Size([1, 4096, 5120])
Before input_layernorm: type=<class 'torch.Tensor'>, shape=torch.Size([1, 4096, 5120])
Before input_layernorm: type=<class 'torch.Tensor'>, shape=torch.Size([1, 4096, 5120])
Before input_layernorm: type=<class 'torch.Tensor'>, shape=torch.Size([1, 4096, 5120])
Before input_layernorm: type=<class 'torch.Tensor'>, shape=torch.Size([1, 4096, 5120])
Before input_layernorm: type=<class 'torch.Tensor'>, shape=torch.Size([1, 4096, 5120])
Before input_layernorm: type=<class 'torch.Tensor'>, shape=torch.Size([1, 4096, 5120])
Before input_layernorm: type=<class 'torch.Tensor'>, shape=torch.Size([1, 4096, 5120])
Before input_layernorm: type=<class 'torch.Tensor'>, shape=torch.Size([1, 4096, 5120])
Before input_layernorm: type=<class 'torch.Tensor'>, shape=torch.Size([1, 4096, 5120])
Before input_layernorm: type=<class 'torch.Tensor'>, shape=torch.Size([1, 4096, 5120])
Before input_layernorm: type=<class 'torch.Tensor'>, shape=torch.Size([1, 4096, 5120])
Before input_layernorm: type=<class 'torch.Tensor'>, shape=torch.Size([1, 4096, 5120])
Before input_layernorm: type=<class 'torch.Tensor'>, shape=torch.Size([1, 4096, 5120])
Before input_layernorm: type=<class 'torch.Tensor'>, shape=torch.Size([1, 4096, 5120])
Before input_layernorm: type=<class 'torch.Tensor'>, shape=torch.Size([1, 4096, 5120])
Before input_layernorm: type=<class 'torch.Tensor'>, shape=torch.Size([1, 4096, 5120])
Before input_layernorm: type=<class 'torch.Tensor'>, shape=torch.Size([1, 4096, 5120])
Before input_layernorm: type=<class 'torch.Tensor'>, shape=torch.Size([1, 4096, 5120])
Before input_layernorm: type=<class 'torch.Tensor'>, shape=torch.Size([1, 4096, 5120])
Before input_layernorm: type=<class 'torch.Tensor'>, shape=torch.Size([1, 4096, 5120])
Before input_layernorm: type=<class 'torch.Tensor'>, shape=torch.Size([1, 4096, 5120])
Before input_layernorm: type=<class 'torch.Tensor'>, shape=torch.Size([1, 4096, 5120])
Before input_layernorm: type=<class 'torch.Tensor'>, shape=torch.Size([1, 4096, 5120])
Before input_layernorm: type=<class 'torch.Tensor'>, shape=torch.Size([1, 4096, 5120])
Before input_layernorm: type=<class 'torch.Tensor'>, shape=torch.Size([1, 4096, 5120])
Before input_layernorm: type=<class 'torch.Tensor'>, shape=torch.Size([1, 4096, 5120])
Before input_layernorm: type=<class 'torch.Tensor'>, shape=torch.Size([1, 4096, 5120])
Phase 2:  67%|██████▋   | 20/30 [24:32<12:15, 73.58s/it]Before input_layernorm: type=<class 'torch.Tensor'>, shape=torch.Size([1, 4096, 5120])
Before input_layernorm: type=<class 'torch.Tensor'>, shape=torch.Size([1, 4096, 5120])
Before input_layernorm: type=<class 'torch.Tensor'>, shape=torch.Size([1, 4096, 5120])
Before input_layernorm: type=<class 'torch.Tensor'>, shape=torch.Size([1, 4096, 5120])
Before input_layernorm: type=<class 'torch.Tensor'>, shape=torch.Size([1, 4096, 5120])
Before input_layernorm: type=<class 'torch.Tensor'>, shape=torch.Size([1, 4096, 5120])
Before input_layernorm: type=<class 'torch.Tensor'>, shape=torch.Size([1, 4096, 5120])
Before input_layernorm: type=<class 'torch.Tensor'>, shape=torch.Size([1, 4096, 5120])
Before input_layernorm: type=<class 'torch.Tensor'>, shape=torch.Size([1, 4096, 5120])
Before input_layernorm: type=<class 'torch.Tensor'>, shape=torch.Size([1, 4096, 5120])
Before input_layernorm: type=<class 'torch.Tensor'>, shape=torch.Size([1, 4096, 5120])
Before input_layernorm: type=<class 'torch.Tensor'>, shape=torch.Size([1, 4096, 5120])
Before input_layernorm: type=<class 'torch.Tensor'>, shape=torch.Size([1, 4096, 5120])
Before input_layernorm: type=<class 'torch.Tensor'>, shape=torch.Size([1, 4096, 5120])
Before input_layernorm: type=<class 'torch.Tensor'>, shape=torch.Size([1, 4096, 5120])
Before input_layernorm: type=<class 'torch.Tensor'>, shape=torch.Size([1, 4096, 5120])
Before input_layernorm: type=<class 'torch.Tensor'>, shape=torch.Size([1, 4096, 5120])
Before input_layernorm: type=<class 'torch.Tensor'>, shape=torch.Size([1, 4096, 5120])
Before input_layernorm: type=<class 'torch.Tensor'>, shape=torch.Size([1, 4096, 5120])
Before input_layernorm: type=<class 'torch.Tensor'>, shape=torch.Size([1, 4096, 5120])
Before input_layernorm: type=<class 'torch.Tensor'>, shape=torch.Size([1, 4096, 5120])
Before input_layernorm: type=<class 'torch.Tensor'>, shape=torch.Size([1, 4096, 5120])
Before input_layernorm: type=<class 'torch.Tensor'>, shape=torch.Size([1, 4096, 5120])
Before input_layernorm: type=<class 'torch.Tensor'>, shape=torch.Size([1, 4096, 5120])
Before input_layernorm: type=<class 'torch.Tensor'>, shape=torch.Size([1, 4096, 5120])
Before input_layernorm: type=<class 'torch.Tensor'>, shape=torch.Size([1, 4096, 5120])
Before input_layernorm: type=<class 'torch.Tensor'>, shape=torch.Size([1, 4096, 5120])
Before input_layernorm: type=<class 'torch.Tensor'>, shape=torch.Size([1, 4096, 5120])
Before input_layernorm: type=<class 'torch.Tensor'>, shape=torch.Size([1, 4096, 5120])
Before input_layernorm: type=<class 'torch.Tensor'>, shape=torch.Size([1, 4096, 5120])
Before input_layernorm: type=<class 'torch.Tensor'>, shape=torch.Size([1, 4096, 5120])
Before input_layernorm: type=<class 'torch.Tensor'>, shape=torch.Size([1, 4096, 5120])
Before input_layernorm: type=<class 'torch.Tensor'>, shape=torch.Size([1, 4096, 5120])
Before input_layernorm: type=<class 'torch.Tensor'>, shape=torch.Size([1, 4096, 5120])
Before input_layernorm: type=<class 'torch.Tensor'>, shape=torch.Size([1, 4096, 5120])
Before input_layernorm: type=<class 'torch.Tensor'>, shape=torch.Size([1, 4096, 5120])
Before input_layernorm: type=<class 'torch.Tensor'>, shape=torch.Size([1, 4096, 5120])
Before input_layernorm: type=<class 'torch.Tensor'>, shape=torch.Size([1, 4096, 5120])
Before input_layernorm: type=<class 'torch.Tensor'>, shape=torch.Size([1, 4096, 5120])
Before input_layernorm: type=<class 'torch.Tensor'>, shape=torch.Size([1, 4096, 5120])
Phase 2:  70%|███████   | 21/30 [25:45<11:02, 73.62s/it]Before input_layernorm: type=<class 'torch.Tensor'>, shape=torch.Size([1, 4096, 5120])
Before input_layernorm: type=<class 'torch.Tensor'>, shape=torch.Size([1, 4096, 5120])
Before input_layernorm: type=<class 'torch.Tensor'>, shape=torch.Size([1, 4096, 5120])
Before input_layernorm: type=<class 'torch.Tensor'>, shape=torch.Size([1, 4096, 5120])
Before input_layernorm: type=<class 'torch.Tensor'>, shape=torch.Size([1, 4096, 5120])
Before input_layernorm: type=<class 'torch.Tensor'>, shape=torch.Size([1, 4096, 5120])
Before input_layernorm: type=<class 'torch.Tensor'>, shape=torch.Size([1, 4096, 5120])
Before input_layernorm: type=<class 'torch.Tensor'>, shape=torch.Size([1, 4096, 5120])
Before input_layernorm: type=<class 'torch.Tensor'>, shape=torch.Size([1, 4096, 5120])
Before input_layernorm: type=<class 'torch.Tensor'>, shape=torch.Size([1, 4096, 5120])
Before input_layernorm: type=<class 'torch.Tensor'>, shape=torch.Size([1, 4096, 5120])
Before input_layernorm: type=<class 'torch.Tensor'>, shape=torch.Size([1, 4096, 5120])
Before input_layernorm: type=<class 'torch.Tensor'>, shape=torch.Size([1, 4096, 5120])
Before input_layernorm: type=<class 'torch.Tensor'>, shape=torch.Size([1, 4096, 5120])
Before input_layernorm: type=<class 'torch.Tensor'>, shape=torch.Size([1, 4096, 5120])
Before input_layernorm: type=<class 'torch.Tensor'>, shape=torch.Size([1, 4096, 5120])
Before input_layernorm: type=<class 'torch.Tensor'>, shape=torch.Size([1, 4096, 5120])
Before input_layernorm: type=<class 'torch.Tensor'>, shape=torch.Size([1, 4096, 5120])
Before input_layernorm: type=<class 'torch.Tensor'>, shape=torch.Size([1, 4096, 5120])
Before input_layernorm: type=<class 'torch.Tensor'>, shape=torch.Size([1, 4096, 5120])
Before input_layernorm: type=<class 'torch.Tensor'>, shape=torch.Size([1, 4096, 5120])
Before input_layernorm: type=<class 'torch.Tensor'>, shape=torch.Size([1, 4096, 5120])
Before input_layernorm: type=<class 'torch.Tensor'>, shape=torch.Size([1, 4096, 5120])
Before input_layernorm: type=<class 'torch.Tensor'>, shape=torch.Size([1, 4096, 5120])
Before input_layernorm: type=<class 'torch.Tensor'>, shape=torch.Size([1, 4096, 5120])
Before input_layernorm: type=<class 'torch.Tensor'>, shape=torch.Size([1, 4096, 5120])
Before input_layernorm: type=<class 'torch.Tensor'>, shape=torch.Size([1, 4096, 5120])
Before input_layernorm: type=<class 'torch.Tensor'>, shape=torch.Size([1, 4096, 5120])
Before input_layernorm: type=<class 'torch.Tensor'>, shape=torch.Size([1, 4096, 5120])
Before input_layernorm: type=<class 'torch.Tensor'>, shape=torch.Size([1, 4096, 5120])
Before input_layernorm: type=<class 'torch.Tensor'>, shape=torch.Size([1, 4096, 5120])
Before input_layernorm: type=<class 'torch.Tensor'>, shape=torch.Size([1, 4096, 5120])
Before input_layernorm: type=<class 'torch.Tensor'>, shape=torch.Size([1, 4096, 5120])
Before input_layernorm: type=<class 'torch.Tensor'>, shape=torch.Size([1, 4096, 5120])
Before input_layernorm: type=<class 'torch.Tensor'>, shape=torch.Size([1, 4096, 5120])
Before input_layernorm: type=<class 'torch.Tensor'>, shape=torch.Size([1, 4096, 5120])
Before input_layernorm: type=<class 'torch.Tensor'>, shape=torch.Size([1, 4096, 5120])
Before input_layernorm: type=<class 'torch.Tensor'>, shape=torch.Size([1, 4096, 5120])
Before input_layernorm: type=<class 'torch.Tensor'>, shape=torch.Size([1, 4096, 5120])
Before input_layernorm: type=<class 'torch.Tensor'>, shape=torch.Size([1, 4096, 5120])
Phase 2:  73%|███████▎  | 22/30 [26:59<09:49, 73.66s/it]Before input_layernorm: type=<class 'torch.Tensor'>, shape=torch.Size([1, 4096, 5120])
Before input_layernorm: type=<class 'torch.Tensor'>, shape=torch.Size([1, 4096, 5120])
Before input_layernorm: type=<class 'torch.Tensor'>, shape=torch.Size([1, 4096, 5120])
Before input_layernorm: type=<class 'torch.Tensor'>, shape=torch.Size([1, 4096, 5120])
Before input_layernorm: type=<class 'torch.Tensor'>, shape=torch.Size([1, 4096, 5120])
Before input_layernorm: type=<class 'torch.Tensor'>, shape=torch.Size([1, 4096, 5120])
Before input_layernorm: type=<class 'torch.Tensor'>, shape=torch.Size([1, 4096, 5120])
Before input_layernorm: type=<class 'torch.Tensor'>, shape=torch.Size([1, 4096, 5120])
Before input_layernorm: type=<class 'torch.Tensor'>, shape=torch.Size([1, 4096, 5120])
Before input_layernorm: type=<class 'torch.Tensor'>, shape=torch.Size([1, 4096, 5120])
Before input_layernorm: type=<class 'torch.Tensor'>, shape=torch.Size([1, 4096, 5120])
Before input_layernorm: type=<class 'torch.Tensor'>, shape=torch.Size([1, 4096, 5120])
Before input_layernorm: type=<class 'torch.Tensor'>, shape=torch.Size([1, 4096, 5120])
Before input_layernorm: type=<class 'torch.Tensor'>, shape=torch.Size([1, 4096, 5120])
Before input_layernorm: type=<class 'torch.Tensor'>, shape=torch.Size([1, 4096, 5120])
Before input_layernorm: type=<class 'torch.Tensor'>, shape=torch.Size([1, 4096, 5120])
Before input_layernorm: type=<class 'torch.Tensor'>, shape=torch.Size([1, 4096, 5120])
Before input_layernorm: type=<class 'torch.Tensor'>, shape=torch.Size([1, 4096, 5120])
Before input_layernorm: type=<class 'torch.Tensor'>, shape=torch.Size([1, 4096, 5120])
Before input_layernorm: type=<class 'torch.Tensor'>, shape=torch.Size([1, 4096, 5120])
Before input_layernorm: type=<class 'torch.Tensor'>, shape=torch.Size([1, 4096, 5120])
Before input_layernorm: type=<class 'torch.Tensor'>, shape=torch.Size([1, 4096, 5120])
Before input_layernorm: type=<class 'torch.Tensor'>, shape=torch.Size([1, 4096, 5120])
Before input_layernorm: type=<class 'torch.Tensor'>, shape=torch.Size([1, 4096, 5120])
Before input_layernorm: type=<class 'torch.Tensor'>, shape=torch.Size([1, 4096, 5120])
Before input_layernorm: type=<class 'torch.Tensor'>, shape=torch.Size([1, 4096, 5120])
Before input_layernorm: type=<class 'torch.Tensor'>, shape=torch.Size([1, 4096, 5120])
Before input_layernorm: type=<class 'torch.Tensor'>, shape=torch.Size([1, 4096, 5120])
Before input_layernorm: type=<class 'torch.Tensor'>, shape=torch.Size([1, 4096, 5120])
Before input_layernorm: type=<class 'torch.Tensor'>, shape=torch.Size([1, 4096, 5120])
Before input_layernorm: type=<class 'torch.Tensor'>, shape=torch.Size([1, 4096, 5120])
Before input_layernorm: type=<class 'torch.Tensor'>, shape=torch.Size([1, 4096, 5120])
Before input_layernorm: type=<class 'torch.Tensor'>, shape=torch.Size([1, 4096, 5120])
Before input_layernorm: type=<class 'torch.Tensor'>, shape=torch.Size([1, 4096, 5120])
Before input_layernorm: type=<class 'torch.Tensor'>, shape=torch.Size([1, 4096, 5120])
Before input_layernorm: type=<class 'torch.Tensor'>, shape=torch.Size([1, 4096, 5120])
Before input_layernorm: type=<class 'torch.Tensor'>, shape=torch.Size([1, 4096, 5120])
Before input_layernorm: type=<class 'torch.Tensor'>, shape=torch.Size([1, 4096, 5120])
Before input_layernorm: type=<class 'torch.Tensor'>, shape=torch.Size([1, 4096, 5120])
Before input_layernorm: type=<class 'torch.Tensor'>, shape=torch.Size([1, 4096, 5120])
Phase 2:  77%|███████▋  | 23/30 [28:14<08:37, 73.89s/it]Before input_layernorm: type=<class 'torch.Tensor'>, shape=torch.Size([1, 4096, 5120])
Before input_layernorm: type=<class 'torch.Tensor'>, shape=torch.Size([1, 4096, 5120])
Before input_layernorm: type=<class 'torch.Tensor'>, shape=torch.Size([1, 4096, 5120])
Before input_layernorm: type=<class 'torch.Tensor'>, shape=torch.Size([1, 4096, 5120])
Before input_layernorm: type=<class 'torch.Tensor'>, shape=torch.Size([1, 4096, 5120])
Before input_layernorm: type=<class 'torch.Tensor'>, shape=torch.Size([1, 4096, 5120])
Before input_layernorm: type=<class 'torch.Tensor'>, shape=torch.Size([1, 4096, 5120])
Before input_layernorm: type=<class 'torch.Tensor'>, shape=torch.Size([1, 4096, 5120])
Before input_layernorm: type=<class 'torch.Tensor'>, shape=torch.Size([1, 4096, 5120])
Before input_layernorm: type=<class 'torch.Tensor'>, shape=torch.Size([1, 4096, 5120])
Before input_layernorm: type=<class 'torch.Tensor'>, shape=torch.Size([1, 4096, 5120])
Before input_layernorm: type=<class 'torch.Tensor'>, shape=torch.Size([1, 4096, 5120])
Before input_layernorm: type=<class 'torch.Tensor'>, shape=torch.Size([1, 4096, 5120])
Before input_layernorm: type=<class 'torch.Tensor'>, shape=torch.Size([1, 4096, 5120])
Before input_layernorm: type=<class 'torch.Tensor'>, shape=torch.Size([1, 4096, 5120])
Before input_layernorm: type=<class 'torch.Tensor'>, shape=torch.Size([1, 4096, 5120])
Before input_layernorm: type=<class 'torch.Tensor'>, shape=torch.Size([1, 4096, 5120])
Before input_layernorm: type=<class 'torch.Tensor'>, shape=torch.Size([1, 4096, 5120])
Before input_layernorm: type=<class 'torch.Tensor'>, shape=torch.Size([1, 4096, 5120])
Before input_layernorm: type=<class 'torch.Tensor'>, shape=torch.Size([1, 4096, 5120])
Before input_layernorm: type=<class 'torch.Tensor'>, shape=torch.Size([1, 4096, 5120])
Before input_layernorm: type=<class 'torch.Tensor'>, shape=torch.Size([1, 4096, 5120])
Before input_layernorm: type=<class 'torch.Tensor'>, shape=torch.Size([1, 4096, 5120])
Before input_layernorm: type=<class 'torch.Tensor'>, shape=torch.Size([1, 4096, 5120])
Before input_layernorm: type=<class 'torch.Tensor'>, shape=torch.Size([1, 4096, 5120])
Before input_layernorm: type=<class 'torch.Tensor'>, shape=torch.Size([1, 4096, 5120])
Before input_layernorm: type=<class 'torch.Tensor'>, shape=torch.Size([1, 4096, 5120])
Before input_layernorm: type=<class 'torch.Tensor'>, shape=torch.Size([1, 4096, 5120])
Before input_layernorm: type=<class 'torch.Tensor'>, shape=torch.Size([1, 4096, 5120])
Before input_layernorm: type=<class 'torch.Tensor'>, shape=torch.Size([1, 4096, 5120])
Before input_layernorm: type=<class 'torch.Tensor'>, shape=torch.Size([1, 4096, 5120])
Before input_layernorm: type=<class 'torch.Tensor'>, shape=torch.Size([1, 4096, 5120])
Before input_layernorm: type=<class 'torch.Tensor'>, shape=torch.Size([1, 4096, 5120])
Before input_layernorm: type=<class 'torch.Tensor'>, shape=torch.Size([1, 4096, 5120])
Before input_layernorm: type=<class 'torch.Tensor'>, shape=torch.Size([1, 4096, 5120])
Before input_layernorm: type=<class 'torch.Tensor'>, shape=torch.Size([1, 4096, 5120])
Before input_layernorm: type=<class 'torch.Tensor'>, shape=torch.Size([1, 4096, 5120])
Before input_layernorm: type=<class 'torch.Tensor'>, shape=torch.Size([1, 4096, 5120])
Before input_layernorm: type=<class 'torch.Tensor'>, shape=torch.Size([1, 4096, 5120])
Before input_layernorm: type=<class 'torch.Tensor'>, shape=torch.Size([1, 4096, 5120])
Phase 2:  80%|████████  | 24/30 [29:28<07:23, 73.91s/it]Before input_layernorm: type=<class 'torch.Tensor'>, shape=torch.Size([1, 4096, 5120])
Before input_layernorm: type=<class 'torch.Tensor'>, shape=torch.Size([1, 4096, 5120])
Before input_layernorm: type=<class 'torch.Tensor'>, shape=torch.Size([1, 4096, 5120])
Before input_layernorm: type=<class 'torch.Tensor'>, shape=torch.Size([1, 4096, 5120])
Before input_layernorm: type=<class 'torch.Tensor'>, shape=torch.Size([1, 4096, 5120])
Before input_layernorm: type=<class 'torch.Tensor'>, shape=torch.Size([1, 4096, 5120])
Before input_layernorm: type=<class 'torch.Tensor'>, shape=torch.Size([1, 4096, 5120])
Before input_layernorm: type=<class 'torch.Tensor'>, shape=torch.Size([1, 4096, 5120])
Before input_layernorm: type=<class 'torch.Tensor'>, shape=torch.Size([1, 4096, 5120])
Before input_layernorm: type=<class 'torch.Tensor'>, shape=torch.Size([1, 4096, 5120])
Before input_layernorm: type=<class 'torch.Tensor'>, shape=torch.Size([1, 4096, 5120])
Before input_layernorm: type=<class 'torch.Tensor'>, shape=torch.Size([1, 4096, 5120])
Before input_layernorm: type=<class 'torch.Tensor'>, shape=torch.Size([1, 4096, 5120])
Before input_layernorm: type=<class 'torch.Tensor'>, shape=torch.Size([1, 4096, 5120])
Before input_layernorm: type=<class 'torch.Tensor'>, shape=torch.Size([1, 4096, 5120])
Before input_layernorm: type=<class 'torch.Tensor'>, shape=torch.Size([1, 4096, 5120])
Before input_layernorm: type=<class 'torch.Tensor'>, shape=torch.Size([1, 4096, 5120])
Before input_layernorm: type=<class 'torch.Tensor'>, shape=torch.Size([1, 4096, 5120])
Before input_layernorm: type=<class 'torch.Tensor'>, shape=torch.Size([1, 4096, 5120])
Before input_layernorm: type=<class 'torch.Tensor'>, shape=torch.Size([1, 4096, 5120])
Before input_layernorm: type=<class 'torch.Tensor'>, shape=torch.Size([1, 4096, 5120])
Before input_layernorm: type=<class 'torch.Tensor'>, shape=torch.Size([1, 4096, 5120])
Before input_layernorm: type=<class 'torch.Tensor'>, shape=torch.Size([1, 4096, 5120])
Before input_layernorm: type=<class 'torch.Tensor'>, shape=torch.Size([1, 4096, 5120])
Before input_layernorm: type=<class 'torch.Tensor'>, shape=torch.Size([1, 4096, 5120])
Before input_layernorm: type=<class 'torch.Tensor'>, shape=torch.Size([1, 4096, 5120])
Before input_layernorm: type=<class 'torch.Tensor'>, shape=torch.Size([1, 4096, 5120])
Before input_layernorm: type=<class 'torch.Tensor'>, shape=torch.Size([1, 4096, 5120])
Before input_layernorm: type=<class 'torch.Tensor'>, shape=torch.Size([1, 4096, 5120])
Before input_layernorm: type=<class 'torch.Tensor'>, shape=torch.Size([1, 4096, 5120])
Before input_layernorm: type=<class 'torch.Tensor'>, shape=torch.Size([1, 4096, 5120])
Before input_layernorm: type=<class 'torch.Tensor'>, shape=torch.Size([1, 4096, 5120])
Before input_layernorm: type=<class 'torch.Tensor'>, shape=torch.Size([1, 4096, 5120])
Before input_layernorm: type=<class 'torch.Tensor'>, shape=torch.Size([1, 4096, 5120])
Before input_layernorm: type=<class 'torch.Tensor'>, shape=torch.Size([1, 4096, 5120])
Before input_layernorm: type=<class 'torch.Tensor'>, shape=torch.Size([1, 4096, 5120])
Before input_layernorm: type=<class 'torch.Tensor'>, shape=torch.Size([1, 4096, 5120])
Before input_layernorm: type=<class 'torch.Tensor'>, shape=torch.Size([1, 4096, 5120])
Before input_layernorm: type=<class 'torch.Tensor'>, shape=torch.Size([1, 4096, 5120])
Before input_layernorm: type=<class 'torch.Tensor'>, shape=torch.Size([1, 4096, 5120])
Phase 2:  83%|████████▎ | 25/30 [30:42<06:09, 73.95s/it]Before input_layernorm: type=<class 'torch.Tensor'>, shape=torch.Size([1, 4096, 5120])
Before input_layernorm: type=<class 'torch.Tensor'>, shape=torch.Size([1, 4096, 5120])
Before input_layernorm: type=<class 'torch.Tensor'>, shape=torch.Size([1, 4096, 5120])
Before input_layernorm: type=<class 'torch.Tensor'>, shape=torch.Size([1, 4096, 5120])
Before input_layernorm: type=<class 'torch.Tensor'>, shape=torch.Size([1, 4096, 5120])
Before input_layernorm: type=<class 'torch.Tensor'>, shape=torch.Size([1, 4096, 5120])
Before input_layernorm: type=<class 'torch.Tensor'>, shape=torch.Size([1, 4096, 5120])
Before input_layernorm: type=<class 'torch.Tensor'>, shape=torch.Size([1, 4096, 5120])
Before input_layernorm: type=<class 'torch.Tensor'>, shape=torch.Size([1, 4096, 5120])
Before input_layernorm: type=<class 'torch.Tensor'>, shape=torch.Size([1, 4096, 5120])
Before input_layernorm: type=<class 'torch.Tensor'>, shape=torch.Size([1, 4096, 5120])
Before input_layernorm: type=<class 'torch.Tensor'>, shape=torch.Size([1, 4096, 5120])
Before input_layernorm: type=<class 'torch.Tensor'>, shape=torch.Size([1, 4096, 5120])
Before input_layernorm: type=<class 'torch.Tensor'>, shape=torch.Size([1, 4096, 5120])
Before input_layernorm: type=<class 'torch.Tensor'>, shape=torch.Size([1, 4096, 5120])
Before input_layernorm: type=<class 'torch.Tensor'>, shape=torch.Size([1, 4096, 5120])
Before input_layernorm: type=<class 'torch.Tensor'>, shape=torch.Size([1, 4096, 5120])
Before input_layernorm: type=<class 'torch.Tensor'>, shape=torch.Size([1, 4096, 5120])
Before input_layernorm: type=<class 'torch.Tensor'>, shape=torch.Size([1, 4096, 5120])
Before input_layernorm: type=<class 'torch.Tensor'>, shape=torch.Size([1, 4096, 5120])
Before input_layernorm: type=<class 'torch.Tensor'>, shape=torch.Size([1, 4096, 5120])
Before input_layernorm: type=<class 'torch.Tensor'>, shape=torch.Size([1, 4096, 5120])
Before input_layernorm: type=<class 'torch.Tensor'>, shape=torch.Size([1, 4096, 5120])
Before input_layernorm: type=<class 'torch.Tensor'>, shape=torch.Size([1, 4096, 5120])
Before input_layernorm: type=<class 'torch.Tensor'>, shape=torch.Size([1, 4096, 5120])
Before input_layernorm: type=<class 'torch.Tensor'>, shape=torch.Size([1, 4096, 5120])
Before input_layernorm: type=<class 'torch.Tensor'>, shape=torch.Size([1, 4096, 5120])
Before input_layernorm: type=<class 'torch.Tensor'>, shape=torch.Size([1, 4096, 5120])
Before input_layernorm: type=<class 'torch.Tensor'>, shape=torch.Size([1, 4096, 5120])
Before input_layernorm: type=<class 'torch.Tensor'>, shape=torch.Size([1, 4096, 5120])
Before input_layernorm: type=<class 'torch.Tensor'>, shape=torch.Size([1, 4096, 5120])
Before input_layernorm: type=<class 'torch.Tensor'>, shape=torch.Size([1, 4096, 5120])
Before input_layernorm: type=<class 'torch.Tensor'>, shape=torch.Size([1, 4096, 5120])
Before input_layernorm: type=<class 'torch.Tensor'>, shape=torch.Size([1, 4096, 5120])
Before input_layernorm: type=<class 'torch.Tensor'>, shape=torch.Size([1, 4096, 5120])
Before input_layernorm: type=<class 'torch.Tensor'>, shape=torch.Size([1, 4096, 5120])
Before input_layernorm: type=<class 'torch.Tensor'>, shape=torch.Size([1, 4096, 5120])
Before input_layernorm: type=<class 'torch.Tensor'>, shape=torch.Size([1, 4096, 5120])
Before input_layernorm: type=<class 'torch.Tensor'>, shape=torch.Size([1, 4096, 5120])
Before input_layernorm: type=<class 'torch.Tensor'>, shape=torch.Size([1, 4096, 5120])
Phase 2:  87%|████████▋ | 26/30 [31:56<04:55, 73.94s/it]Before input_layernorm: type=<class 'torch.Tensor'>, shape=torch.Size([1, 4096, 5120])
Before input_layernorm: type=<class 'torch.Tensor'>, shape=torch.Size([1, 4096, 5120])
Before input_layernorm: type=<class 'torch.Tensor'>, shape=torch.Size([1, 4096, 5120])
Before input_layernorm: type=<class 'torch.Tensor'>, shape=torch.Size([1, 4096, 5120])
Before input_layernorm: type=<class 'torch.Tensor'>, shape=torch.Size([1, 4096, 5120])
Before input_layernorm: type=<class 'torch.Tensor'>, shape=torch.Size([1, 4096, 5120])
Before input_layernorm: type=<class 'torch.Tensor'>, shape=torch.Size([1, 4096, 5120])
Before input_layernorm: type=<class 'torch.Tensor'>, shape=torch.Size([1, 4096, 5120])
Before input_layernorm: type=<class 'torch.Tensor'>, shape=torch.Size([1, 4096, 5120])
Before input_layernorm: type=<class 'torch.Tensor'>, shape=torch.Size([1, 4096, 5120])
Before input_layernorm: type=<class 'torch.Tensor'>, shape=torch.Size([1, 4096, 5120])
Before input_layernorm: type=<class 'torch.Tensor'>, shape=torch.Size([1, 4096, 5120])
Before input_layernorm: type=<class 'torch.Tensor'>, shape=torch.Size([1, 4096, 5120])
Before input_layernorm: type=<class 'torch.Tensor'>, shape=torch.Size([1, 4096, 5120])
Before input_layernorm: type=<class 'torch.Tensor'>, shape=torch.Size([1, 4096, 5120])
Before input_layernorm: type=<class 'torch.Tensor'>, shape=torch.Size([1, 4096, 5120])
Before input_layernorm: type=<class 'torch.Tensor'>, shape=torch.Size([1, 4096, 5120])
Before input_layernorm: type=<class 'torch.Tensor'>, shape=torch.Size([1, 4096, 5120])
Before input_layernorm: type=<class 'torch.Tensor'>, shape=torch.Size([1, 4096, 5120])
Before input_layernorm: type=<class 'torch.Tensor'>, shape=torch.Size([1, 4096, 5120])
Before input_layernorm: type=<class 'torch.Tensor'>, shape=torch.Size([1, 4096, 5120])
Before input_layernorm: type=<class 'torch.Tensor'>, shape=torch.Size([1, 4096, 5120])
Before input_layernorm: type=<class 'torch.Tensor'>, shape=torch.Size([1, 4096, 5120])
Before input_layernorm: type=<class 'torch.Tensor'>, shape=torch.Size([1, 4096, 5120])
Before input_layernorm: type=<class 'torch.Tensor'>, shape=torch.Size([1, 4096, 5120])
Before input_layernorm: type=<class 'torch.Tensor'>, shape=torch.Size([1, 4096, 5120])
Before input_layernorm: type=<class 'torch.Tensor'>, shape=torch.Size([1, 4096, 5120])
Before input_layernorm: type=<class 'torch.Tensor'>, shape=torch.Size([1, 4096, 5120])
Before input_layernorm: type=<class 'torch.Tensor'>, shape=torch.Size([1, 4096, 5120])
Before input_layernorm: type=<class 'torch.Tensor'>, shape=torch.Size([1, 4096, 5120])
Before input_layernorm: type=<class 'torch.Tensor'>, shape=torch.Size([1, 4096, 5120])
Before input_layernorm: type=<class 'torch.Tensor'>, shape=torch.Size([1, 4096, 5120])
Before input_layernorm: type=<class 'torch.Tensor'>, shape=torch.Size([1, 4096, 5120])
Before input_layernorm: type=<class 'torch.Tensor'>, shape=torch.Size([1, 4096, 5120])
Before input_layernorm: type=<class 'torch.Tensor'>, shape=torch.Size([1, 4096, 5120])
Before input_layernorm: type=<class 'torch.Tensor'>, shape=torch.Size([1, 4096, 5120])
Before input_layernorm: type=<class 'torch.Tensor'>, shape=torch.Size([1, 4096, 5120])
Before input_layernorm: type=<class 'torch.Tensor'>, shape=torch.Size([1, 4096, 5120])
Before input_layernorm: type=<class 'torch.Tensor'>, shape=torch.Size([1, 4096, 5120])
Before input_layernorm: type=<class 'torch.Tensor'>, shape=torch.Size([1, 4096, 5120])
Phase 2:  90%|█████████ | 27/30 [33:09<03:41, 73.86s/it]Before input_layernorm: type=<class 'torch.Tensor'>, shape=torch.Size([1, 4096, 5120])
Before input_layernorm: type=<class 'torch.Tensor'>, shape=torch.Size([1, 4096, 5120])
Before input_layernorm: type=<class 'torch.Tensor'>, shape=torch.Size([1, 4096, 5120])
Before input_layernorm: type=<class 'torch.Tensor'>, shape=torch.Size([1, 4096, 5120])
Before input_layernorm: type=<class 'torch.Tensor'>, shape=torch.Size([1, 4096, 5120])
Before input_layernorm: type=<class 'torch.Tensor'>, shape=torch.Size([1, 4096, 5120])
Before input_layernorm: type=<class 'torch.Tensor'>, shape=torch.Size([1, 4096, 5120])
Before input_layernorm: type=<class 'torch.Tensor'>, shape=torch.Size([1, 4096, 5120])
Before input_layernorm: type=<class 'torch.Tensor'>, shape=torch.Size([1, 4096, 5120])
Before input_layernorm: type=<class 'torch.Tensor'>, shape=torch.Size([1, 4096, 5120])
Before input_layernorm: type=<class 'torch.Tensor'>, shape=torch.Size([1, 4096, 5120])
Before input_layernorm: type=<class 'torch.Tensor'>, shape=torch.Size([1, 4096, 5120])
Before input_layernorm: type=<class 'torch.Tensor'>, shape=torch.Size([1, 4096, 5120])
Before input_layernorm: type=<class 'torch.Tensor'>, shape=torch.Size([1, 4096, 5120])
Before input_layernorm: type=<class 'torch.Tensor'>, shape=torch.Size([1, 4096, 5120])
Before input_layernorm: type=<class 'torch.Tensor'>, shape=torch.Size([1, 4096, 5120])
Before input_layernorm: type=<class 'torch.Tensor'>, shape=torch.Size([1, 4096, 5120])
Before input_layernorm: type=<class 'torch.Tensor'>, shape=torch.Size([1, 4096, 5120])
Before input_layernorm: type=<class 'torch.Tensor'>, shape=torch.Size([1, 4096, 5120])
Before input_layernorm: type=<class 'torch.Tensor'>, shape=torch.Size([1, 4096, 5120])
Before input_layernorm: type=<class 'torch.Tensor'>, shape=torch.Size([1, 4096, 5120])
Before input_layernorm: type=<class 'torch.Tensor'>, shape=torch.Size([1, 4096, 5120])
Before input_layernorm: type=<class 'torch.Tensor'>, shape=torch.Size([1, 4096, 5120])
Before input_layernorm: type=<class 'torch.Tensor'>, shape=torch.Size([1, 4096, 5120])
Before input_layernorm: type=<class 'torch.Tensor'>, shape=torch.Size([1, 4096, 5120])
Before input_layernorm: type=<class 'torch.Tensor'>, shape=torch.Size([1, 4096, 5120])
Before input_layernorm: type=<class 'torch.Tensor'>, shape=torch.Size([1, 4096, 5120])
Before input_layernorm: type=<class 'torch.Tensor'>, shape=torch.Size([1, 4096, 5120])
Before input_layernorm: type=<class 'torch.Tensor'>, shape=torch.Size([1, 4096, 5120])
Before input_layernorm: type=<class 'torch.Tensor'>, shape=torch.Size([1, 4096, 5120])
Before input_layernorm: type=<class 'torch.Tensor'>, shape=torch.Size([1, 4096, 5120])
Before input_layernorm: type=<class 'torch.Tensor'>, shape=torch.Size([1, 4096, 5120])
Before input_layernorm: type=<class 'torch.Tensor'>, shape=torch.Size([1, 4096, 5120])
Before input_layernorm: type=<class 'torch.Tensor'>, shape=torch.Size([1, 4096, 5120])
Before input_layernorm: type=<class 'torch.Tensor'>, shape=torch.Size([1, 4096, 5120])
Before input_layernorm: type=<class 'torch.Tensor'>, shape=torch.Size([1, 4096, 5120])
Before input_layernorm: type=<class 'torch.Tensor'>, shape=torch.Size([1, 4096, 5120])
Before input_layernorm: type=<class 'torch.Tensor'>, shape=torch.Size([1, 4096, 5120])
Before input_layernorm: type=<class 'torch.Tensor'>, shape=torch.Size([1, 4096, 5120])
Before input_layernorm: type=<class 'torch.Tensor'>, shape=torch.Size([1, 4096, 5120])
Phase 2:  93%|█████████▎| 28/30 [34:23<02:27, 73.92s/it]Before input_layernorm: type=<class 'torch.Tensor'>, shape=torch.Size([1, 4096, 5120])
Before input_layernorm: type=<class 'torch.Tensor'>, shape=torch.Size([1, 4096, 5120])
Before input_layernorm: type=<class 'torch.Tensor'>, shape=torch.Size([1, 4096, 5120])
Before input_layernorm: type=<class 'torch.Tensor'>, shape=torch.Size([1, 4096, 5120])
Before input_layernorm: type=<class 'torch.Tensor'>, shape=torch.Size([1, 4096, 5120])
Before input_layernorm: type=<class 'torch.Tensor'>, shape=torch.Size([1, 4096, 5120])
Before input_layernorm: type=<class 'torch.Tensor'>, shape=torch.Size([1, 4096, 5120])
Before input_layernorm: type=<class 'torch.Tensor'>, shape=torch.Size([1, 4096, 5120])
Before input_layernorm: type=<class 'torch.Tensor'>, shape=torch.Size([1, 4096, 5120])
Before input_layernorm: type=<class 'torch.Tensor'>, shape=torch.Size([1, 4096, 5120])
Before input_layernorm: type=<class 'torch.Tensor'>, shape=torch.Size([1, 4096, 5120])
Before input_layernorm: type=<class 'torch.Tensor'>, shape=torch.Size([1, 4096, 5120])
Before input_layernorm: type=<class 'torch.Tensor'>, shape=torch.Size([1, 4096, 5120])
Before input_layernorm: type=<class 'torch.Tensor'>, shape=torch.Size([1, 4096, 5120])
Before input_layernorm: type=<class 'torch.Tensor'>, shape=torch.Size([1, 4096, 5120])
Before input_layernorm: type=<class 'torch.Tensor'>, shape=torch.Size([1, 4096, 5120])
Before input_layernorm: type=<class 'torch.Tensor'>, shape=torch.Size([1, 4096, 5120])
Before input_layernorm: type=<class 'torch.Tensor'>, shape=torch.Size([1, 4096, 5120])
Before input_layernorm: type=<class 'torch.Tensor'>, shape=torch.Size([1, 4096, 5120])
Before input_layernorm: type=<class 'torch.Tensor'>, shape=torch.Size([1, 4096, 5120])
Before input_layernorm: type=<class 'torch.Tensor'>, shape=torch.Size([1, 4096, 5120])
Before input_layernorm: type=<class 'torch.Tensor'>, shape=torch.Size([1, 4096, 5120])
Before input_layernorm: type=<class 'torch.Tensor'>, shape=torch.Size([1, 4096, 5120])
Before input_layernorm: type=<class 'torch.Tensor'>, shape=torch.Size([1, 4096, 5120])
Before input_layernorm: type=<class 'torch.Tensor'>, shape=torch.Size([1, 4096, 5120])
Before input_layernorm: type=<class 'torch.Tensor'>, shape=torch.Size([1, 4096, 5120])
Before input_layernorm: type=<class 'torch.Tensor'>, shape=torch.Size([1, 4096, 5120])
Before input_layernorm: type=<class 'torch.Tensor'>, shape=torch.Size([1, 4096, 5120])
Before input_layernorm: type=<class 'torch.Tensor'>, shape=torch.Size([1, 4096, 5120])
Before input_layernorm: type=<class 'torch.Tensor'>, shape=torch.Size([1, 4096, 5120])
Before input_layernorm: type=<class 'torch.Tensor'>, shape=torch.Size([1, 4096, 5120])
Before input_layernorm: type=<class 'torch.Tensor'>, shape=torch.Size([1, 4096, 5120])
Before input_layernorm: type=<class 'torch.Tensor'>, shape=torch.Size([1, 4096, 5120])
Before input_layernorm: type=<class 'torch.Tensor'>, shape=torch.Size([1, 4096, 5120])
Before input_layernorm: type=<class 'torch.Tensor'>, shape=torch.Size([1, 4096, 5120])
Before input_layernorm: type=<class 'torch.Tensor'>, shape=torch.Size([1, 4096, 5120])
Before input_layernorm: type=<class 'torch.Tensor'>, shape=torch.Size([1, 4096, 5120])
Before input_layernorm: type=<class 'torch.Tensor'>, shape=torch.Size([1, 4096, 5120])
Before input_layernorm: type=<class 'torch.Tensor'>, shape=torch.Size([1, 4096, 5120])
Before input_layernorm: type=<class 'torch.Tensor'>, shape=torch.Size([1, 4096, 5120])
Phase 2:  97%|█████████▋| 29/30 [35:37<01:13, 73.81s/it]Before input_layernorm: type=<class 'torch.Tensor'>, shape=torch.Size([1, 4096, 5120])
Before input_layernorm: type=<class 'torch.Tensor'>, shape=torch.Size([1, 4096, 5120])
Before input_layernorm: type=<class 'torch.Tensor'>, shape=torch.Size([1, 4096, 5120])
Before input_layernorm: type=<class 'torch.Tensor'>, shape=torch.Size([1, 4096, 5120])
Before input_layernorm: type=<class 'torch.Tensor'>, shape=torch.Size([1, 4096, 5120])
Before input_layernorm: type=<class 'torch.Tensor'>, shape=torch.Size([1, 4096, 5120])
Before input_layernorm: type=<class 'torch.Tensor'>, shape=torch.Size([1, 4096, 5120])
Before input_layernorm: type=<class 'torch.Tensor'>, shape=torch.Size([1, 4096, 5120])
Before input_layernorm: type=<class 'torch.Tensor'>, shape=torch.Size([1, 4096, 5120])
Before input_layernorm: type=<class 'torch.Tensor'>, shape=torch.Size([1, 4096, 5120])
Before input_layernorm: type=<class 'torch.Tensor'>, shape=torch.Size([1, 4096, 5120])
Before input_layernorm: type=<class 'torch.Tensor'>, shape=torch.Size([1, 4096, 5120])
Before input_layernorm: type=<class 'torch.Tensor'>, shape=torch.Size([1, 4096, 5120])
Before input_layernorm: type=<class 'torch.Tensor'>, shape=torch.Size([1, 4096, 5120])
Before input_layernorm: type=<class 'torch.Tensor'>, shape=torch.Size([1, 4096, 5120])
Before input_layernorm: type=<class 'torch.Tensor'>, shape=torch.Size([1, 4096, 5120])
Before input_layernorm: type=<class 'torch.Tensor'>, shape=torch.Size([1, 4096, 5120])
Before input_layernorm: type=<class 'torch.Tensor'>, shape=torch.Size([1, 4096, 5120])
Before input_layernorm: type=<class 'torch.Tensor'>, shape=torch.Size([1, 4096, 5120])
Before input_layernorm: type=<class 'torch.Tensor'>, shape=torch.Size([1, 4096, 5120])
Before input_layernorm: type=<class 'torch.Tensor'>, shape=torch.Size([1, 4096, 5120])
Before input_layernorm: type=<class 'torch.Tensor'>, shape=torch.Size([1, 4096, 5120])
Before input_layernorm: type=<class 'torch.Tensor'>, shape=torch.Size([1, 4096, 5120])
Before input_layernorm: type=<class 'torch.Tensor'>, shape=torch.Size([1, 4096, 5120])
Before input_layernorm: type=<class 'torch.Tensor'>, shape=torch.Size([1, 4096, 5120])
Before input_layernorm: type=<class 'torch.Tensor'>, shape=torch.Size([1, 4096, 5120])
Before input_layernorm: type=<class 'torch.Tensor'>, shape=torch.Size([1, 4096, 5120])
Before input_layernorm: type=<class 'torch.Tensor'>, shape=torch.Size([1, 4096, 5120])
Before input_layernorm: type=<class 'torch.Tensor'>, shape=torch.Size([1, 4096, 5120])
Before input_layernorm: type=<class 'torch.Tensor'>, shape=torch.Size([1, 4096, 5120])
Before input_layernorm: type=<class 'torch.Tensor'>, shape=torch.Size([1, 4096, 5120])
Before input_layernorm: type=<class 'torch.Tensor'>, shape=torch.Size([1, 4096, 5120])
Before input_layernorm: type=<class 'torch.Tensor'>, shape=torch.Size([1, 4096, 5120])
Before input_layernorm: type=<class 'torch.Tensor'>, shape=torch.Size([1, 4096, 5120])
Before input_layernorm: type=<class 'torch.Tensor'>, shape=torch.Size([1, 4096, 5120])
Before input_layernorm: type=<class 'torch.Tensor'>, shape=torch.Size([1, 4096, 5120])
Before input_layernorm: type=<class 'torch.Tensor'>, shape=torch.Size([1, 4096, 5120])
Before input_layernorm: type=<class 'torch.Tensor'>, shape=torch.Size([1, 4096, 5120])
Before input_layernorm: type=<class 'torch.Tensor'>, shape=torch.Size([1, 4096, 5120])
Before input_layernorm: type=<class 'torch.Tensor'>, shape=torch.Size([1, 4096, 5120])
Phase 2: 100%|██████████| 30/30 [36:51<00:00, 73.78s/it]Phase 2: 100%|██████████| 30/30 [36:51<00:00, 73.70s/it]

Computing statistics...

💾 Saving Phase 2 results...
✅ Phase 2 results saved

🎨 PHASE 3: Generating Visualizations

================================================================================
GENERATING VISUALIZATIONS
================================================================================
✓ Generated: exp1_top1_comparison.png
✓ Generated: exp1_percentage_change_heatmap.png
✓ Generated: exp1_layerwise_breakdown.png
/home/vicuna/ludan/massActive/changeHead_massvieAcitve/exp1_feasibility_test.py:414: UserWarning: Glyph 128293 (\N{FIRE}) missing from current font.
  plt.tight_layout()
/home/vicuna/ludan/massActive/changeHead_massvieAcitve/exp1_feasibility_test.py:414: UserWarning: Glyph 11088 (\N{WHITE MEDIUM STAR}) missing from current font.
  plt.tight_layout()
/home/vicuna/ludan/massActive/changeHead_massvieAcitve/exp1_feasibility_test.py:415: UserWarning: Glyph 128293 (\N{FIRE}) missing from current font.
  plt.savefig(os.path.join(comparison_dir, 'exp1_critical_dimensions.png'), dpi=150, bbox_inches='tight')
/home/vicuna/ludan/massActive/changeHead_massvieAcitve/exp1_feasibility_test.py:415: UserWarning: Glyph 11088 (\N{WHITE MEDIUM STAR}) missing from current font.
  plt.savefig(os.path.join(comparison_dir, 'exp1_critical_dimensions.png'), dpi=150, bbox_inches='tight')
✓ Generated: exp1_critical_dimensions.png

✅ All visualizations generated successfully!

📊 PHASE 4: Generating Summary Report

================================================================================
GENERATING SUMMARY REPORT
================================================================================
================================================================================
EXPERIMENT 1: FEASIBILITY TEST - SUMMARY REPORT
================================================================================
Generated: 2025-11-24 21:36:41

RESEARCH QUESTION:
  Do attention heads generate massive activations?

METHODOLOGY:
  1. Baseline: Run model with all attention heads active
  2. All Disabled: Run model with all 144 attention heads zeroed out
  3. Compare massive activation magnitudes

================================================================================
KEY FINDINGS
================================================================================

1️⃣ DIMENSION 447 (Primary Massive Activation Dimension)
----------------------------------------------------------------------
  Baseline Peak Value:       10.22 (Layer 39)
  All Heads Disabled Value:  5.30
  Absolute Change:           -4.93
  Percentage Change:         -48.21%

  Conclusion: ⚠️ SIGNIFICANT DECREASE - Heads may contribute to generation

2️⃣ DIMENSION 138 (Secondary Massive Activation Dimension)
----------------------------------------------------------------------
  Baseline Peak Value:       9.11 (Layer 39)
  All Heads Disabled Value:  5.40
  Absolute Change:           -3.71
  Percentage Change:         -40.75%

  Conclusion: ⚠️ SIGNIFICANT DECREASE - Heads may contribute to generation

3️⃣ OVERALL TOP1 ACTIVATION
----------------------------------------------------------------------
  Baseline Peak Value:       1282.80 (Layer 22)
  All Heads Disabled Value:  263.02
  Absolute Change:           -1019.78
  Percentage Change:         -79.50%


================================================================================
LAYER-WISE DETAILED ANALYSIS
================================================================================

Layer   Baseline Top1   Disabled Top1   Change       % Change    
----------------------------------------------------------------------
0       64.76           17.14           -47.62       -73.53      %
1       90.58           38.44           -52.14       -57.56      %
2       90.62           38.53           -52.09       -57.48      %
3       1223.90         22.03           -1201.87     -98.20      %
4       1223.90         21.74           -1202.16     -98.22      %
5       1224.90         21.42           -1203.48     -98.25      %
6       1225.90         21.17           -1204.73     -98.27      %
7       1272.80         56.48           -1216.32     -95.56      %
8       1272.80         56.34           -1216.46     -95.57      %
9       1272.80         56.24           -1216.56     -95.58      %
10      1272.80         56.09           -1216.71     -95.59      %
11      1272.80         55.88           -1216.92     -95.61      %
12      1273.80         55.81           -1217.99     -95.62      %
13      1274.80         55.71           -1219.09     -95.63      %
14      1274.80         55.46           -1219.34     -95.65      %
15      1275.80         55.51           -1220.29     -95.65      %
16      1276.80         55.71           -1221.09     -95.64      %
17      1277.80         55.64           -1222.16     -95.65      %
18      1277.80         55.76           -1222.04     -95.64      %
19      1277.80         56.06           -1221.74     -95.61      %
20      1277.80         56.47           -1221.33     -95.58      %
21      1280.80         57.30           -1223.50     -95.53      %
22      1282.80         58.02           -1224.78     -95.48      %
23      1282.80         59.81           -1222.99     -95.34      %
24      1282.80         60.27           -1222.53     -95.30      %
25      1282.80         60.96           -1221.84     -95.25      %
26      1282.80         62.08           -1220.72     -95.16      %
27      1282.80         62.38           -1220.42     -95.14      %
28      1282.80         63.13           -1219.67     -95.08      %
29      1282.80         65.88           -1216.92     -94.86      %
30      1282.80         66.52           -1216.28     -94.81      %
31      1282.80         68.58           -1214.22     -94.65      %
32      1281.80         69.94           -1211.86     -94.54      %
33      1280.80         71.36           -1209.44     -94.43      %
34      1279.80         72.12           -1207.67     -94.36      %
35      1278.80         72.00           -1206.80     -94.37      %
36      1277.80         70.05           -1207.75     -94.52      %
37      1257.57         85.09           -1172.47     -93.23      %
38      842.37          51.34           -791.02      -93.90      %
39      343.78          263.02          -80.76       -23.49      %

================================================================================
OVERALL CONCLUSION
================================================================================


⚠️ ATTENTION HEADS SIGNIFICANTLY CONTRIBUTE TO MASSIVE ACTIVATIONS

The experiment shows that disabling all attention heads reduces massive
activations by >20% on average. This suggests:

  1. Attention heads DO participate in generating massive activations
  2. Further experiments needed to identify which specific heads are responsible
  3. Possible multi-head cooperation effects

NEXT STEPS:
  → Proceed to Experiment 2: Single-layer restoration
  → Identify critical layers
  → Then proceed to Experiment 3: Single-head restoration within critical layers


================================================================================

✅ Summary report saved to: results/exp1_llama2_13b/comparison/EXPERIMENT_1_SUMMARY.txt

================================================================================
✅ EXPERIMENT 1 COMPLETE (Phase 2-4)
================================================================================

Results saved to: results/exp1_llama2_13b/

================================================================================
