nohup: 忽略输入
/home/vicuna/anaconda3/lib/python3.11/site-packages/pandas/core/arrays/masked.py:60: UserWarning: Pandas requires version '1.3.6' or newer of 'bottleneck' (version '1.3.5' currently installed).
  from pandas.core import (

================================================================================
EXPERIMENT 2: SINGLE-LAYER RESTORATION
================================================================================

Goal: Identify which layers contribute most to massive activations
Testing layers: 3 to 37

================================================================================

================================================================================
Testing Layer 3 (restoring its attention heads)
================================================================================
loading model llama2_13b
`torch_dtype` is deprecated! Use `dtype` instead!
Loading checkpoint shards:   0%|          | 0/3 [00:00<?, ?it/s]Loading checkpoint shards:  33%|███▎      | 1/3 [00:03<00:06,  3.15s/it]Loading checkpoint shards:  67%|██████▋   | 2/3 [00:06<00:03,  3.08s/it]Loading checkpoint shards: 100%|██████████| 3/3 [00:08<00:00,  2.52s/it]Loading checkpoint shards: 100%|██████████| 3/3 [00:08<00:00,  2.68s/it]
Failed to load RedPajama dataset (Dataset 'togethercomputer/RedPajama-Data-1T-Sample' doesn't exist on the Hub or cannot be accessed.), using wikitext instead
Layer 3 restored:   0%|          | 0/30 [00:00<?, ?it/s]Before input_layernorm: type=<class 'torch.Tensor'>, shape=torch.Size([1, 4096, 5120])
/home/vicuna/anaconda3/lib/python3.11/site-packages/torch/nn/modules/module.py:1805: FutureWarning: Both `past_key_value` and `past_key_values` are set for `LlamaAttention.forward`. Using `past_key_values=DynamicCache(layers=[DynamicLayer, DynamicLayer, DynamicLayer, DynamicLayer, DynamicLayer, DynamicLayer, DynamicLayer, DynamicLayer, DynamicLayer, DynamicLayer, DynamicLayer, DynamicLayer, DynamicLayer, DynamicLayer, DynamicLayer, DynamicLayer, DynamicLayer, DynamicLayer, DynamicLayer, DynamicLayer, DynamicLayer, DynamicLayer, DynamicLayer, DynamicLayer, DynamicLayer, DynamicLayer, DynamicLayer, DynamicLayer, DynamicLayer, DynamicLayer, DynamicLayer, DynamicLayer, DynamicLayer, DynamicLayer, DynamicLayer, DynamicLayer, DynamicLayer, DynamicLayer, DynamicLayer, DynamicLayer])` and ignoring deprecated `past_key_value=None`.
  result = forward_call(*args, **kwargs)
Before input_layernorm: type=<class 'torch.Tensor'>, shape=torch.Size([1, 4096, 5120])
Before input_layernorm: type=<class 'torch.Tensor'>, shape=torch.Size([1, 4096, 5120])
Before input_layernorm: type=<class 'torch.Tensor'>, shape=torch.Size([1, 4096, 5120])
Before input_layernorm: type=<class 'torch.Tensor'>, shape=torch.Size([1, 4096, 5120])
Before input_layernorm: type=<class 'torch.Tensor'>, shape=torch.Size([1, 4096, 5120])
Before input_layernorm: type=<class 'torch.Tensor'>, shape=torch.Size([1, 4096, 5120])
Before input_layernorm: type=<class 'torch.Tensor'>, shape=torch.Size([1, 4096, 5120])
Before input_layernorm: type=<class 'torch.Tensor'>, shape=torch.Size([1, 4096, 5120])
Before input_layernorm: type=<class 'torch.Tensor'>, shape=torch.Size([1, 4096, 5120])
Before input_layernorm: type=<class 'torch.Tensor'>, shape=torch.Size([1, 4096, 5120])
Before input_layernorm: type=<class 'torch.Tensor'>, shape=torch.Size([1, 4096, 5120])
Before input_layernorm: type=<class 'torch.Tensor'>, shape=torch.Size([1, 4096, 5120])
Before input_layernorm: type=<class 'torch.Tensor'>, shape=torch.Size([1, 4096, 5120])
Before input_layernorm: type=<class 'torch.Tensor'>, shape=torch.Size([1, 4096, 5120])
Before input_layernorm: type=<class 'torch.Tensor'>, shape=torch.Size([1, 4096, 5120])
Before input_layernorm: type=<class 'torch.Tensor'>, shape=torch.Size([1, 4096, 5120])
Before input_layernorm: type=<class 'torch.Tensor'>, shape=torch.Size([1, 4096, 5120])
Before input_layernorm: type=<class 'torch.Tensor'>, shape=torch.Size([1, 4096, 5120])
Before input_layernorm: type=<class 'torch.Tensor'>, shape=torch.Size([1, 4096, 5120])
Before input_layernorm: type=<class 'torch.Tensor'>, shape=torch.Size([1, 4096, 5120])
Before input_layernorm: type=<class 'torch.Tensor'>, shape=torch.Size([1, 4096, 5120])
Before input_layernorm: type=<class 'torch.Tensor'>, shape=torch.Size([1, 4096, 5120])
Before input_layernorm: type=<class 'torch.Tensor'>, shape=torch.Size([1, 4096, 5120])
Before input_layernorm: type=<class 'torch.Tensor'>, shape=torch.Size([1, 4096, 5120])
Before input_layernorm: type=<class 'torch.Tensor'>, shape=torch.Size([1, 4096, 5120])
Before input_layernorm: type=<class 'torch.Tensor'>, shape=torch.Size([1, 4096, 5120])
Before input_layernorm: type=<class 'torch.Tensor'>, shape=torch.Size([1, 4096, 5120])
Before input_layernorm: type=<class 'torch.Tensor'>, shape=torch.Size([1, 4096, 5120])
Before input_layernorm: type=<class 'torch.Tensor'>, shape=torch.Size([1, 4096, 5120])
Before input_layernorm: type=<class 'torch.Tensor'>, shape=torch.Size([1, 4096, 5120])
Before input_layernorm: type=<class 'torch.Tensor'>, shape=torch.Size([1, 4096, 5120])
Before input_layernorm: type=<class 'torch.Tensor'>, shape=torch.Size([1, 4096, 5120])
Before input_layernorm: type=<class 'torch.Tensor'>, shape=torch.Size([1, 4096, 5120])
Before input_layernorm: type=<class 'torch.Tensor'>, shape=torch.Size([1, 4096, 5120])
Before input_layernorm: type=<class 'torch.Tensor'>, shape=torch.Size([1, 4096, 5120])
Before input_layernorm: type=<class 'torch.Tensor'>, shape=torch.Size([1, 4096, 5120])
Before input_layernorm: type=<class 'torch.Tensor'>, shape=torch.Size([1, 4096, 5120])
Before input_layernorm: type=<class 'torch.Tensor'>, shape=torch.Size([1, 4096, 5120])
Before input_layernorm: type=<class 'torch.Tensor'>, shape=torch.Size([1, 4096, 5120])
Layer 3 restored:   3%|▎         | 1/30 [01:11<34:45, 71.92s/it]Before input_layernorm: type=<class 'torch.Tensor'>, shape=torch.Size([1, 4096, 5120])
Before input_layernorm: type=<class 'torch.Tensor'>, shape=torch.Size([1, 4096, 5120])
Before input_layernorm: type=<class 'torch.Tensor'>, shape=torch.Size([1, 4096, 5120])
Before input_layernorm: type=<class 'torch.Tensor'>, shape=torch.Size([1, 4096, 5120])
Before input_layernorm: type=<class 'torch.Tensor'>, shape=torch.Size([1, 4096, 5120])
Before input_layernorm: type=<class 'torch.Tensor'>, shape=torch.Size([1, 4096, 5120])
Before input_layernorm: type=<class 'torch.Tensor'>, shape=torch.Size([1, 4096, 5120])
Before input_layernorm: type=<class 'torch.Tensor'>, shape=torch.Size([1, 4096, 5120])
Before input_layernorm: type=<class 'torch.Tensor'>, shape=torch.Size([1, 4096, 5120])
Before input_layernorm: type=<class 'torch.Tensor'>, shape=torch.Size([1, 4096, 5120])
Before input_layernorm: type=<class 'torch.Tensor'>, shape=torch.Size([1, 4096, 5120])
Before input_layernorm: type=<class 'torch.Tensor'>, shape=torch.Size([1, 4096, 5120])
Before input_layernorm: type=<class 'torch.Tensor'>, shape=torch.Size([1, 4096, 5120])
Before input_layernorm: type=<class 'torch.Tensor'>, shape=torch.Size([1, 4096, 5120])
Before input_layernorm: type=<class 'torch.Tensor'>, shape=torch.Size([1, 4096, 5120])
Before input_layernorm: type=<class 'torch.Tensor'>, shape=torch.Size([1, 4096, 5120])
Before input_layernorm: type=<class 'torch.Tensor'>, shape=torch.Size([1, 4096, 5120])
Before input_layernorm: type=<class 'torch.Tensor'>, shape=torch.Size([1, 4096, 5120])
Before input_layernorm: type=<class 'torch.Tensor'>, shape=torch.Size([1, 4096, 5120])
Before input_layernorm: type=<class 'torch.Tensor'>, shape=torch.Size([1, 4096, 5120])
Before input_layernorm: type=<class 'torch.Tensor'>, shape=torch.Size([1, 4096, 5120])
Before input_layernorm: type=<class 'torch.Tensor'>, shape=torch.Size([1, 4096, 5120])
Before input_layernorm: type=<class 'torch.Tensor'>, shape=torch.Size([1, 4096, 5120])
Before input_layernorm: type=<class 'torch.Tensor'>, shape=torch.Size([1, 4096, 5120])
Before input_layernorm: type=<class 'torch.Tensor'>, shape=torch.Size([1, 4096, 5120])
Before input_layernorm: type=<class 'torch.Tensor'>, shape=torch.Size([1, 4096, 5120])
Before input_layernorm: type=<class 'torch.Tensor'>, shape=torch.Size([1, 4096, 5120])
Before input_layernorm: type=<class 'torch.Tensor'>, shape=torch.Size([1, 4096, 5120])
Before input_layernorm: type=<class 'torch.Tensor'>, shape=torch.Size([1, 4096, 5120])
Before input_layernorm: type=<class 'torch.Tensor'>, shape=torch.Size([1, 4096, 5120])
Before input_layernorm: type=<class 'torch.Tensor'>, shape=torch.Size([1, 4096, 5120])
Before input_layernorm: type=<class 'torch.Tensor'>, shape=torch.Size([1, 4096, 5120])
Before input_layernorm: type=<class 'torch.Tensor'>, shape=torch.Size([1, 4096, 5120])
Before input_layernorm: type=<class 'torch.Tensor'>, shape=torch.Size([1, 4096, 5120])
Before input_layernorm: type=<class 'torch.Tensor'>, shape=torch.Size([1, 4096, 5120])
Before input_layernorm: type=<class 'torch.Tensor'>, shape=torch.Size([1, 4096, 5120])
Before input_layernorm: type=<class 'torch.Tensor'>, shape=torch.Size([1, 4096, 5120])
Before input_layernorm: type=<class 'torch.Tensor'>, shape=torch.Size([1, 4096, 5120])
Before input_layernorm: type=<class 'torch.Tensor'>, shape=torch.Size([1, 4096, 5120])
Before input_layernorm: type=<class 'torch.Tensor'>, shape=torch.Size([1, 4096, 5120])
Layer 3 restored:   7%|▋         | 2/30 [02:24<33:46, 72.36s/it]Before input_layernorm: type=<class 'torch.Tensor'>, shape=torch.Size([1, 4096, 5120])
Before input_layernorm: type=<class 'torch.Tensor'>, shape=torch.Size([1, 4096, 5120])
Before input_layernorm: type=<class 'torch.Tensor'>, shape=torch.Size([1, 4096, 5120])
Before input_layernorm: type=<class 'torch.Tensor'>, shape=torch.Size([1, 4096, 5120])
Before input_layernorm: type=<class 'torch.Tensor'>, shape=torch.Size([1, 4096, 5120])
Before input_layernorm: type=<class 'torch.Tensor'>, shape=torch.Size([1, 4096, 5120])
Before input_layernorm: type=<class 'torch.Tensor'>, shape=torch.Size([1, 4096, 5120])
Before input_layernorm: type=<class 'torch.Tensor'>, shape=torch.Size([1, 4096, 5120])
Before input_layernorm: type=<class 'torch.Tensor'>, shape=torch.Size([1, 4096, 5120])
Before input_layernorm: type=<class 'torch.Tensor'>, shape=torch.Size([1, 4096, 5120])
Before input_layernorm: type=<class 'torch.Tensor'>, shape=torch.Size([1, 4096, 5120])
Before input_layernorm: type=<class 'torch.Tensor'>, shape=torch.Size([1, 4096, 5120])
Before input_layernorm: type=<class 'torch.Tensor'>, shape=torch.Size([1, 4096, 5120])
Before input_layernorm: type=<class 'torch.Tensor'>, shape=torch.Size([1, 4096, 5120])
Before input_layernorm: type=<class 'torch.Tensor'>, shape=torch.Size([1, 4096, 5120])
Before input_layernorm: type=<class 'torch.Tensor'>, shape=torch.Size([1, 4096, 5120])
Before input_layernorm: type=<class 'torch.Tensor'>, shape=torch.Size([1, 4096, 5120])
Before input_layernorm: type=<class 'torch.Tensor'>, shape=torch.Size([1, 4096, 5120])
Before input_layernorm: type=<class 'torch.Tensor'>, shape=torch.Size([1, 4096, 5120])
Before input_layernorm: type=<class 'torch.Tensor'>, shape=torch.Size([1, 4096, 5120])
Before input_layernorm: type=<class 'torch.Tensor'>, shape=torch.Size([1, 4096, 5120])
Before input_layernorm: type=<class 'torch.Tensor'>, shape=torch.Size([1, 4096, 5120])
Before input_layernorm: type=<class 'torch.Tensor'>, shape=torch.Size([1, 4096, 5120])
Before input_layernorm: type=<class 'torch.Tensor'>, shape=torch.Size([1, 4096, 5120])
Before input_layernorm: type=<class 'torch.Tensor'>, shape=torch.Size([1, 4096, 5120])
Before input_layernorm: type=<class 'torch.Tensor'>, shape=torch.Size([1, 4096, 5120])
Before input_layernorm: type=<class 'torch.Tensor'>, shape=torch.Size([1, 4096, 5120])
Before input_layernorm: type=<class 'torch.Tensor'>, shape=torch.Size([1, 4096, 5120])
Before input_layernorm: type=<class 'torch.Tensor'>, shape=torch.Size([1, 4096, 5120])
Before input_layernorm: type=<class 'torch.Tensor'>, shape=torch.Size([1, 4096, 5120])
Before input_layernorm: type=<class 'torch.Tensor'>, shape=torch.Size([1, 4096, 5120])
Before input_layernorm: type=<class 'torch.Tensor'>, shape=torch.Size([1, 4096, 5120])
Before input_layernorm: type=<class 'torch.Tensor'>, shape=torch.Size([1, 4096, 5120])
Before input_layernorm: type=<class 'torch.Tensor'>, shape=torch.Size([1, 4096, 5120])
Before input_layernorm: type=<class 'torch.Tensor'>, shape=torch.Size([1, 4096, 5120])
Before input_layernorm: type=<class 'torch.Tensor'>, shape=torch.Size([1, 4096, 5120])
Before input_layernorm: type=<class 'torch.Tensor'>, shape=torch.Size([1, 4096, 5120])
Before input_layernorm: type=<class 'torch.Tensor'>, shape=torch.Size([1, 4096, 5120])
Before input_layernorm: type=<class 'torch.Tensor'>, shape=torch.Size([1, 4096, 5120])
Before input_layernorm: type=<class 'torch.Tensor'>, shape=torch.Size([1, 4096, 5120])
Layer 3 restored:  10%|█         | 3/30 [03:36<32:33, 72.34s/it]Before input_layernorm: type=<class 'torch.Tensor'>, shape=torch.Size([1, 4096, 5120])
Before input_layernorm: type=<class 'torch.Tensor'>, shape=torch.Size([1, 4096, 5120])
Before input_layernorm: type=<class 'torch.Tensor'>, shape=torch.Size([1, 4096, 5120])
Before input_layernorm: type=<class 'torch.Tensor'>, shape=torch.Size([1, 4096, 5120])
Before input_layernorm: type=<class 'torch.Tensor'>, shape=torch.Size([1, 4096, 5120])
Before input_layernorm: type=<class 'torch.Tensor'>, shape=torch.Size([1, 4096, 5120])
Before input_layernorm: type=<class 'torch.Tensor'>, shape=torch.Size([1, 4096, 5120])
Before input_layernorm: type=<class 'torch.Tensor'>, shape=torch.Size([1, 4096, 5120])
Before input_layernorm: type=<class 'torch.Tensor'>, shape=torch.Size([1, 4096, 5120])
Before input_layernorm: type=<class 'torch.Tensor'>, shape=torch.Size([1, 4096, 5120])
Before input_layernorm: type=<class 'torch.Tensor'>, shape=torch.Size([1, 4096, 5120])
Before input_layernorm: type=<class 'torch.Tensor'>, shape=torch.Size([1, 4096, 5120])
Before input_layernorm: type=<class 'torch.Tensor'>, shape=torch.Size([1, 4096, 5120])
Before input_layernorm: type=<class 'torch.Tensor'>, shape=torch.Size([1, 4096, 5120])
Before input_layernorm: type=<class 'torch.Tensor'>, shape=torch.Size([1, 4096, 5120])
Before input_layernorm: type=<class 'torch.Tensor'>, shape=torch.Size([1, 4096, 5120])
Before input_layernorm: type=<class 'torch.Tensor'>, shape=torch.Size([1, 4096, 5120])
Before input_layernorm: type=<class 'torch.Tensor'>, shape=torch.Size([1, 4096, 5120])
Before input_layernorm: type=<class 'torch.Tensor'>, shape=torch.Size([1, 4096, 5120])
Before input_layernorm: type=<class 'torch.Tensor'>, shape=torch.Size([1, 4096, 5120])
Before input_layernorm: type=<class 'torch.Tensor'>, shape=torch.Size([1, 4096, 5120])
Before input_layernorm: type=<class 'torch.Tensor'>, shape=torch.Size([1, 4096, 5120])
Before input_layernorm: type=<class 'torch.Tensor'>, shape=torch.Size([1, 4096, 5120])
Before input_layernorm: type=<class 'torch.Tensor'>, shape=torch.Size([1, 4096, 5120])
Before input_layernorm: type=<class 'torch.Tensor'>, shape=torch.Size([1, 4096, 5120])
Before input_layernorm: type=<class 'torch.Tensor'>, shape=torch.Size([1, 4096, 5120])
Before input_layernorm: type=<class 'torch.Tensor'>, shape=torch.Size([1, 4096, 5120])
Before input_layernorm: type=<class 'torch.Tensor'>, shape=torch.Size([1, 4096, 5120])
Before input_layernorm: type=<class 'torch.Tensor'>, shape=torch.Size([1, 4096, 5120])
Before input_layernorm: type=<class 'torch.Tensor'>, shape=torch.Size([1, 4096, 5120])
Before input_layernorm: type=<class 'torch.Tensor'>, shape=torch.Size([1, 4096, 5120])
Before input_layernorm: type=<class 'torch.Tensor'>, shape=torch.Size([1, 4096, 5120])
Before input_layernorm: type=<class 'torch.Tensor'>, shape=torch.Size([1, 4096, 5120])
Before input_layernorm: type=<class 'torch.Tensor'>, shape=torch.Size([1, 4096, 5120])
Before input_layernorm: type=<class 'torch.Tensor'>, shape=torch.Size([1, 4096, 5120])
Before input_layernorm: type=<class 'torch.Tensor'>, shape=torch.Size([1, 4096, 5120])
Before input_layernorm: type=<class 'torch.Tensor'>, shape=torch.Size([1, 4096, 5120])
Before input_layernorm: type=<class 'torch.Tensor'>, shape=torch.Size([1, 4096, 5120])
Before input_layernorm: type=<class 'torch.Tensor'>, shape=torch.Size([1, 4096, 5120])
Before input_layernorm: type=<class 'torch.Tensor'>, shape=torch.Size([1, 4096, 5120])
Layer 3 restored:  13%|█▎        | 4/30 [04:51<31:40, 73.10s/it]Before input_layernorm: type=<class 'torch.Tensor'>, shape=torch.Size([1, 4096, 5120])
Before input_layernorm: type=<class 'torch.Tensor'>, shape=torch.Size([1, 4096, 5120])
Before input_layernorm: type=<class 'torch.Tensor'>, shape=torch.Size([1, 4096, 5120])
Before input_layernorm: type=<class 'torch.Tensor'>, shape=torch.Size([1, 4096, 5120])
Before input_layernorm: type=<class 'torch.Tensor'>, shape=torch.Size([1, 4096, 5120])
Before input_layernorm: type=<class 'torch.Tensor'>, shape=torch.Size([1, 4096, 5120])
Before input_layernorm: type=<class 'torch.Tensor'>, shape=torch.Size([1, 4096, 5120])
Before input_layernorm: type=<class 'torch.Tensor'>, shape=torch.Size([1, 4096, 5120])
Before input_layernorm: type=<class 'torch.Tensor'>, shape=torch.Size([1, 4096, 5120])
Before input_layernorm: type=<class 'torch.Tensor'>, shape=torch.Size([1, 4096, 5120])
Before input_layernorm: type=<class 'torch.Tensor'>, shape=torch.Size([1, 4096, 5120])
Before input_layernorm: type=<class 'torch.Tensor'>, shape=torch.Size([1, 4096, 5120])
Before input_layernorm: type=<class 'torch.Tensor'>, shape=torch.Size([1, 4096, 5120])
Before input_layernorm: type=<class 'torch.Tensor'>, shape=torch.Size([1, 4096, 5120])
Before input_layernorm: type=<class 'torch.Tensor'>, shape=torch.Size([1, 4096, 5120])
Before input_layernorm: type=<class 'torch.Tensor'>, shape=torch.Size([1, 4096, 5120])
Before input_layernorm: type=<class 'torch.Tensor'>, shape=torch.Size([1, 4096, 5120])
Before input_layernorm: type=<class 'torch.Tensor'>, shape=torch.Size([1, 4096, 5120])
Before input_layernorm: type=<class 'torch.Tensor'>, shape=torch.Size([1, 4096, 5120])
Before input_layernorm: type=<class 'torch.Tensor'>, shape=torch.Size([1, 4096, 5120])
Before input_layernorm: type=<class 'torch.Tensor'>, shape=torch.Size([1, 4096, 5120])
Before input_layernorm: type=<class 'torch.Tensor'>, shape=torch.Size([1, 4096, 5120])
Before input_layernorm: type=<class 'torch.Tensor'>, shape=torch.Size([1, 4096, 5120])
Before input_layernorm: type=<class 'torch.Tensor'>, shape=torch.Size([1, 4096, 5120])
Before input_layernorm: type=<class 'torch.Tensor'>, shape=torch.Size([1, 4096, 5120])
Before input_layernorm: type=<class 'torch.Tensor'>, shape=torch.Size([1, 4096, 5120])
Before input_layernorm: type=<class 'torch.Tensor'>, shape=torch.Size([1, 4096, 5120])
Before input_layernorm: type=<class 'torch.Tensor'>, shape=torch.Size([1, 4096, 5120])
Before input_layernorm: type=<class 'torch.Tensor'>, shape=torch.Size([1, 4096, 5120])
Before input_layernorm: type=<class 'torch.Tensor'>, shape=torch.Size([1, 4096, 5120])
Before input_layernorm: type=<class 'torch.Tensor'>, shape=torch.Size([1, 4096, 5120])
Before input_layernorm: type=<class 'torch.Tensor'>, shape=torch.Size([1, 4096, 5120])
Before input_layernorm: type=<class 'torch.Tensor'>, shape=torch.Size([1, 4096, 5120])
Before input_layernorm: type=<class 'torch.Tensor'>, shape=torch.Size([1, 4096, 5120])
Before input_layernorm: type=<class 'torch.Tensor'>, shape=torch.Size([1, 4096, 5120])
Before input_layernorm: type=<class 'torch.Tensor'>, shape=torch.Size([1, 4096, 5120])
Before input_layernorm: type=<class 'torch.Tensor'>, shape=torch.Size([1, 4096, 5120])
Before input_layernorm: type=<class 'torch.Tensor'>, shape=torch.Size([1, 4096, 5120])
Before input_layernorm: type=<class 'torch.Tensor'>, shape=torch.Size([1, 4096, 5120])
Before input_layernorm: type=<class 'torch.Tensor'>, shape=torch.Size([1, 4096, 5120])
Layer 3 restored:  17%|█▋        | 5/30 [06:06<30:46, 73.84s/it]Before input_layernorm: type=<class 'torch.Tensor'>, shape=torch.Size([1, 4096, 5120])
Before input_layernorm: type=<class 'torch.Tensor'>, shape=torch.Size([1, 4096, 5120])
Before input_layernorm: type=<class 'torch.Tensor'>, shape=torch.Size([1, 4096, 5120])
Before input_layernorm: type=<class 'torch.Tensor'>, shape=torch.Size([1, 4096, 5120])
Before input_layernorm: type=<class 'torch.Tensor'>, shape=torch.Size([1, 4096, 5120])
Before input_layernorm: type=<class 'torch.Tensor'>, shape=torch.Size([1, 4096, 5120])
Before input_layernorm: type=<class 'torch.Tensor'>, shape=torch.Size([1, 4096, 5120])
Before input_layernorm: type=<class 'torch.Tensor'>, shape=torch.Size([1, 4096, 5120])
Before input_layernorm: type=<class 'torch.Tensor'>, shape=torch.Size([1, 4096, 5120])
Before input_layernorm: type=<class 'torch.Tensor'>, shape=torch.Size([1, 4096, 5120])
Before input_layernorm: type=<class 'torch.Tensor'>, shape=torch.Size([1, 4096, 5120])
Before input_layernorm: type=<class 'torch.Tensor'>, shape=torch.Size([1, 4096, 5120])
Before input_layernorm: type=<class 'torch.Tensor'>, shape=torch.Size([1, 4096, 5120])
Before input_layernorm: type=<class 'torch.Tensor'>, shape=torch.Size([1, 4096, 5120])
Before input_layernorm: type=<class 'torch.Tensor'>, shape=torch.Size([1, 4096, 5120])
Before input_layernorm: type=<class 'torch.Tensor'>, shape=torch.Size([1, 4096, 5120])
Before input_layernorm: type=<class 'torch.Tensor'>, shape=torch.Size([1, 4096, 5120])
Before input_layernorm: type=<class 'torch.Tensor'>, shape=torch.Size([1, 4096, 5120])
Before input_layernorm: type=<class 'torch.Tensor'>, shape=torch.Size([1, 4096, 5120])
Before input_layernorm: type=<class 'torch.Tensor'>, shape=torch.Size([1, 4096, 5120])
Before input_layernorm: type=<class 'torch.Tensor'>, shape=torch.Size([1, 4096, 5120])
Before input_layernorm: type=<class 'torch.Tensor'>, shape=torch.Size([1, 4096, 5120])
Before input_layernorm: type=<class 'torch.Tensor'>, shape=torch.Size([1, 4096, 5120])
Before input_layernorm: type=<class 'torch.Tensor'>, shape=torch.Size([1, 4096, 5120])
Before input_layernorm: type=<class 'torch.Tensor'>, shape=torch.Size([1, 4096, 5120])
Before input_layernorm: type=<class 'torch.Tensor'>, shape=torch.Size([1, 4096, 5120])
Before input_layernorm: type=<class 'torch.Tensor'>, shape=torch.Size([1, 4096, 5120])
Before input_layernorm: type=<class 'torch.Tensor'>, shape=torch.Size([1, 4096, 5120])
Before input_layernorm: type=<class 'torch.Tensor'>, shape=torch.Size([1, 4096, 5120])
Before input_layernorm: type=<class 'torch.Tensor'>, shape=torch.Size([1, 4096, 5120])
Before input_layernorm: type=<class 'torch.Tensor'>, shape=torch.Size([1, 4096, 5120])
Before input_layernorm: type=<class 'torch.Tensor'>, shape=torch.Size([1, 4096, 5120])
Before input_layernorm: type=<class 'torch.Tensor'>, shape=torch.Size([1, 4096, 5120])
Before input_layernorm: type=<class 'torch.Tensor'>, shape=torch.Size([1, 4096, 5120])
Before input_layernorm: type=<class 'torch.Tensor'>, shape=torch.Size([1, 4096, 5120])
Before input_layernorm: type=<class 'torch.Tensor'>, shape=torch.Size([1, 4096, 5120])
Before input_layernorm: type=<class 'torch.Tensor'>, shape=torch.Size([1, 4096, 5120])
Before input_layernorm: type=<class 'torch.Tensor'>, shape=torch.Size([1, 4096, 5120])
Before input_layernorm: type=<class 'torch.Tensor'>, shape=torch.Size([1, 4096, 5120])
Before input_layernorm: type=<class 'torch.Tensor'>, shape=torch.Size([1, 4096, 5120])
Layer 3 restored:  20%|██        | 6/30 [07:22<29:48, 74.52s/it]Before input_layernorm: type=<class 'torch.Tensor'>, shape=torch.Size([1, 4096, 5120])
Before input_layernorm: type=<class 'torch.Tensor'>, shape=torch.Size([1, 4096, 5120])
Before input_layernorm: type=<class 'torch.Tensor'>, shape=torch.Size([1, 4096, 5120])
Before input_layernorm: type=<class 'torch.Tensor'>, shape=torch.Size([1, 4096, 5120])
Before input_layernorm: type=<class 'torch.Tensor'>, shape=torch.Size([1, 4096, 5120])
Before input_layernorm: type=<class 'torch.Tensor'>, shape=torch.Size([1, 4096, 5120])
Before input_layernorm: type=<class 'torch.Tensor'>, shape=torch.Size([1, 4096, 5120])
Before input_layernorm: type=<class 'torch.Tensor'>, shape=torch.Size([1, 4096, 5120])
Before input_layernorm: type=<class 'torch.Tensor'>, shape=torch.Size([1, 4096, 5120])
Before input_layernorm: type=<class 'torch.Tensor'>, shape=torch.Size([1, 4096, 5120])
Before input_layernorm: type=<class 'torch.Tensor'>, shape=torch.Size([1, 4096, 5120])
Before input_layernorm: type=<class 'torch.Tensor'>, shape=torch.Size([1, 4096, 5120])
Before input_layernorm: type=<class 'torch.Tensor'>, shape=torch.Size([1, 4096, 5120])
Before input_layernorm: type=<class 'torch.Tensor'>, shape=torch.Size([1, 4096, 5120])
Before input_layernorm: type=<class 'torch.Tensor'>, shape=torch.Size([1, 4096, 5120])
Before input_layernorm: type=<class 'torch.Tensor'>, shape=torch.Size([1, 4096, 5120])
Before input_layernorm: type=<class 'torch.Tensor'>, shape=torch.Size([1, 4096, 5120])
Before input_layernorm: type=<class 'torch.Tensor'>, shape=torch.Size([1, 4096, 5120])
Before input_layernorm: type=<class 'torch.Tensor'>, shape=torch.Size([1, 4096, 5120])
Before input_layernorm: type=<class 'torch.Tensor'>, shape=torch.Size([1, 4096, 5120])
Before input_layernorm: type=<class 'torch.Tensor'>, shape=torch.Size([1, 4096, 5120])
Before input_layernorm: type=<class 'torch.Tensor'>, shape=torch.Size([1, 4096, 5120])
Before input_layernorm: type=<class 'torch.Tensor'>, shape=torch.Size([1, 4096, 5120])
Before input_layernorm: type=<class 'torch.Tensor'>, shape=torch.Size([1, 4096, 5120])
Before input_layernorm: type=<class 'torch.Tensor'>, shape=torch.Size([1, 4096, 5120])
Before input_layernorm: type=<class 'torch.Tensor'>, shape=torch.Size([1, 4096, 5120])
Before input_layernorm: type=<class 'torch.Tensor'>, shape=torch.Size([1, 4096, 5120])
Before input_layernorm: type=<class 'torch.Tensor'>, shape=torch.Size([1, 4096, 5120])
Before input_layernorm: type=<class 'torch.Tensor'>, shape=torch.Size([1, 4096, 5120])
Before input_layernorm: type=<class 'torch.Tensor'>, shape=torch.Size([1, 4096, 5120])
Before input_layernorm: type=<class 'torch.Tensor'>, shape=torch.Size([1, 4096, 5120])
Before input_layernorm: type=<class 'torch.Tensor'>, shape=torch.Size([1, 4096, 5120])
Before input_layernorm: type=<class 'torch.Tensor'>, shape=torch.Size([1, 4096, 5120])
Before input_layernorm: type=<class 'torch.Tensor'>, shape=torch.Size([1, 4096, 5120])
Before input_layernorm: type=<class 'torch.Tensor'>, shape=torch.Size([1, 4096, 5120])
Before input_layernorm: type=<class 'torch.Tensor'>, shape=torch.Size([1, 4096, 5120])
Before input_layernorm: type=<class 'torch.Tensor'>, shape=torch.Size([1, 4096, 5120])
Before input_layernorm: type=<class 'torch.Tensor'>, shape=torch.Size([1, 4096, 5120])
Before input_layernorm: type=<class 'torch.Tensor'>, shape=torch.Size([1, 4096, 5120])
Before input_layernorm: type=<class 'torch.Tensor'>, shape=torch.Size([1, 4096, 5120])
Layer 3 restored:  23%|██▎       | 7/30 [08:37<28:43, 74.92s/it]Before input_layernorm: type=<class 'torch.Tensor'>, shape=torch.Size([1, 4096, 5120])
Before input_layernorm: type=<class 'torch.Tensor'>, shape=torch.Size([1, 4096, 5120])
Before input_layernorm: type=<class 'torch.Tensor'>, shape=torch.Size([1, 4096, 5120])
Before input_layernorm: type=<class 'torch.Tensor'>, shape=torch.Size([1, 4096, 5120])
Before input_layernorm: type=<class 'torch.Tensor'>, shape=torch.Size([1, 4096, 5120])
Before input_layernorm: type=<class 'torch.Tensor'>, shape=torch.Size([1, 4096, 5120])
Before input_layernorm: type=<class 'torch.Tensor'>, shape=torch.Size([1, 4096, 5120])
Before input_layernorm: type=<class 'torch.Tensor'>, shape=torch.Size([1, 4096, 5120])
Before input_layernorm: type=<class 'torch.Tensor'>, shape=torch.Size([1, 4096, 5120])
Before input_layernorm: type=<class 'torch.Tensor'>, shape=torch.Size([1, 4096, 5120])
Before input_layernorm: type=<class 'torch.Tensor'>, shape=torch.Size([1, 4096, 5120])
Before input_layernorm: type=<class 'torch.Tensor'>, shape=torch.Size([1, 4096, 5120])
Before input_layernorm: type=<class 'torch.Tensor'>, shape=torch.Size([1, 4096, 5120])
Before input_layernorm: type=<class 'torch.Tensor'>, shape=torch.Size([1, 4096, 5120])
Before input_layernorm: type=<class 'torch.Tensor'>, shape=torch.Size([1, 4096, 5120])
Before input_layernorm: type=<class 'torch.Tensor'>, shape=torch.Size([1, 4096, 5120])
Before input_layernorm: type=<class 'torch.Tensor'>, shape=torch.Size([1, 4096, 5120])
Before input_layernorm: type=<class 'torch.Tensor'>, shape=torch.Size([1, 4096, 5120])
Before input_layernorm: type=<class 'torch.Tensor'>, shape=torch.Size([1, 4096, 5120])
Before input_layernorm: type=<class 'torch.Tensor'>, shape=torch.Size([1, 4096, 5120])
Before input_layernorm: type=<class 'torch.Tensor'>, shape=torch.Size([1, 4096, 5120])
Before input_layernorm: type=<class 'torch.Tensor'>, shape=torch.Size([1, 4096, 5120])
Before input_layernorm: type=<class 'torch.Tensor'>, shape=torch.Size([1, 4096, 5120])
Before input_layernorm: type=<class 'torch.Tensor'>, shape=torch.Size([1, 4096, 5120])
Before input_layernorm: type=<class 'torch.Tensor'>, shape=torch.Size([1, 4096, 5120])
Before input_layernorm: type=<class 'torch.Tensor'>, shape=torch.Size([1, 4096, 5120])
Before input_layernorm: type=<class 'torch.Tensor'>, shape=torch.Size([1, 4096, 5120])
Before input_layernorm: type=<class 'torch.Tensor'>, shape=torch.Size([1, 4096, 5120])
Before input_layernorm: type=<class 'torch.Tensor'>, shape=torch.Size([1, 4096, 5120])
Before input_layernorm: type=<class 'torch.Tensor'>, shape=torch.Size([1, 4096, 5120])
Before input_layernorm: type=<class 'torch.Tensor'>, shape=torch.Size([1, 4096, 5120])
Before input_layernorm: type=<class 'torch.Tensor'>, shape=torch.Size([1, 4096, 5120])
Before input_layernorm: type=<class 'torch.Tensor'>, shape=torch.Size([1, 4096, 5120])
Before input_layernorm: type=<class 'torch.Tensor'>, shape=torch.Size([1, 4096, 5120])
Before input_layernorm: type=<class 'torch.Tensor'>, shape=torch.Size([1, 4096, 5120])
Before input_layernorm: type=<class 'torch.Tensor'>, shape=torch.Size([1, 4096, 5120])
Before input_layernorm: type=<class 'torch.Tensor'>, shape=torch.Size([1, 4096, 5120])
Before input_layernorm: type=<class 'torch.Tensor'>, shape=torch.Size([1, 4096, 5120])
Before input_layernorm: type=<class 'torch.Tensor'>, shape=torch.Size([1, 4096, 5120])
Before input_layernorm: type=<class 'torch.Tensor'>, shape=torch.Size([1, 4096, 5120])
Layer 3 restored:  27%|██▋       | 8/30 [09:51<27:19, 74.51s/it]Before input_layernorm: type=<class 'torch.Tensor'>, shape=torch.Size([1, 4096, 5120])
Before input_layernorm: type=<class 'torch.Tensor'>, shape=torch.Size([1, 4096, 5120])
Before input_layernorm: type=<class 'torch.Tensor'>, shape=torch.Size([1, 4096, 5120])
Before input_layernorm: type=<class 'torch.Tensor'>, shape=torch.Size([1, 4096, 5120])
Before input_layernorm: type=<class 'torch.Tensor'>, shape=torch.Size([1, 4096, 5120])
Before input_layernorm: type=<class 'torch.Tensor'>, shape=torch.Size([1, 4096, 5120])
Before input_layernorm: type=<class 'torch.Tensor'>, shape=torch.Size([1, 4096, 5120])
Before input_layernorm: type=<class 'torch.Tensor'>, shape=torch.Size([1, 4096, 5120])
Before input_layernorm: type=<class 'torch.Tensor'>, shape=torch.Size([1, 4096, 5120])
Before input_layernorm: type=<class 'torch.Tensor'>, shape=torch.Size([1, 4096, 5120])
Before input_layernorm: type=<class 'torch.Tensor'>, shape=torch.Size([1, 4096, 5120])
Before input_layernorm: type=<class 'torch.Tensor'>, shape=torch.Size([1, 4096, 5120])
Before input_layernorm: type=<class 'torch.Tensor'>, shape=torch.Size([1, 4096, 5120])
Before input_layernorm: type=<class 'torch.Tensor'>, shape=torch.Size([1, 4096, 5120])
Before input_layernorm: type=<class 'torch.Tensor'>, shape=torch.Size([1, 4096, 5120])
Before input_layernorm: type=<class 'torch.Tensor'>, shape=torch.Size([1, 4096, 5120])
Before input_layernorm: type=<class 'torch.Tensor'>, shape=torch.Size([1, 4096, 5120])
Before input_layernorm: type=<class 'torch.Tensor'>, shape=torch.Size([1, 4096, 5120])
Before input_layernorm: type=<class 'torch.Tensor'>, shape=torch.Size([1, 4096, 5120])
Before input_layernorm: type=<class 'torch.Tensor'>, shape=torch.Size([1, 4096, 5120])
Before input_layernorm: type=<class 'torch.Tensor'>, shape=torch.Size([1, 4096, 5120])
Before input_layernorm: type=<class 'torch.Tensor'>, shape=torch.Size([1, 4096, 5120])
Before input_layernorm: type=<class 'torch.Tensor'>, shape=torch.Size([1, 4096, 5120])
Before input_layernorm: type=<class 'torch.Tensor'>, shape=torch.Size([1, 4096, 5120])
Before input_layernorm: type=<class 'torch.Tensor'>, shape=torch.Size([1, 4096, 5120])
Before input_layernorm: type=<class 'torch.Tensor'>, shape=torch.Size([1, 4096, 5120])
Before input_layernorm: type=<class 'torch.Tensor'>, shape=torch.Size([1, 4096, 5120])
Before input_layernorm: type=<class 'torch.Tensor'>, shape=torch.Size([1, 4096, 5120])
Before input_layernorm: type=<class 'torch.Tensor'>, shape=torch.Size([1, 4096, 5120])
Before input_layernorm: type=<class 'torch.Tensor'>, shape=torch.Size([1, 4096, 5120])
Before input_layernorm: type=<class 'torch.Tensor'>, shape=torch.Size([1, 4096, 5120])
Before input_layernorm: type=<class 'torch.Tensor'>, shape=torch.Size([1, 4096, 5120])
Before input_layernorm: type=<class 'torch.Tensor'>, shape=torch.Size([1, 4096, 5120])
Before input_layernorm: type=<class 'torch.Tensor'>, shape=torch.Size([1, 4096, 5120])
Before input_layernorm: type=<class 'torch.Tensor'>, shape=torch.Size([1, 4096, 5120])
Before input_layernorm: type=<class 'torch.Tensor'>, shape=torch.Size([1, 4096, 5120])
Before input_layernorm: type=<class 'torch.Tensor'>, shape=torch.Size([1, 4096, 5120])
Before input_layernorm: type=<class 'torch.Tensor'>, shape=torch.Size([1, 4096, 5120])
Before input_layernorm: type=<class 'torch.Tensor'>, shape=torch.Size([1, 4096, 5120])
Before input_layernorm: type=<class 'torch.Tensor'>, shape=torch.Size([1, 4096, 5120])
Layer 3 restored:  30%|███       | 9/30 [11:14<26:57, 77.00s/it]Before input_layernorm: type=<class 'torch.Tensor'>, shape=torch.Size([1, 4096, 5120])
Before input_layernorm: type=<class 'torch.Tensor'>, shape=torch.Size([1, 4096, 5120])
Before input_layernorm: type=<class 'torch.Tensor'>, shape=torch.Size([1, 4096, 5120])
Before input_layernorm: type=<class 'torch.Tensor'>, shape=torch.Size([1, 4096, 5120])
Before input_layernorm: type=<class 'torch.Tensor'>, shape=torch.Size([1, 4096, 5120])
Before input_layernorm: type=<class 'torch.Tensor'>, shape=torch.Size([1, 4096, 5120])
Before input_layernorm: type=<class 'torch.Tensor'>, shape=torch.Size([1, 4096, 5120])
Before input_layernorm: type=<class 'torch.Tensor'>, shape=torch.Size([1, 4096, 5120])
Before input_layernorm: type=<class 'torch.Tensor'>, shape=torch.Size([1, 4096, 5120])
Before input_layernorm: type=<class 'torch.Tensor'>, shape=torch.Size([1, 4096, 5120])
Before input_layernorm: type=<class 'torch.Tensor'>, shape=torch.Size([1, 4096, 5120])
Before input_layernorm: type=<class 'torch.Tensor'>, shape=torch.Size([1, 4096, 5120])
Before input_layernorm: type=<class 'torch.Tensor'>, shape=torch.Size([1, 4096, 5120])
Before input_layernorm: type=<class 'torch.Tensor'>, shape=torch.Size([1, 4096, 5120])
Before input_layernorm: type=<class 'torch.Tensor'>, shape=torch.Size([1, 4096, 5120])
Before input_layernorm: type=<class 'torch.Tensor'>, shape=torch.Size([1, 4096, 5120])
Before input_layernorm: type=<class 'torch.Tensor'>, shape=torch.Size([1, 4096, 5120])
Before input_layernorm: type=<class 'torch.Tensor'>, shape=torch.Size([1, 4096, 5120])
Before input_layernorm: type=<class 'torch.Tensor'>, shape=torch.Size([1, 4096, 5120])
Before input_layernorm: type=<class 'torch.Tensor'>, shape=torch.Size([1, 4096, 5120])
Before input_layernorm: type=<class 'torch.Tensor'>, shape=torch.Size([1, 4096, 5120])
Before input_layernorm: type=<class 'torch.Tensor'>, shape=torch.Size([1, 4096, 5120])
Before input_layernorm: type=<class 'torch.Tensor'>, shape=torch.Size([1, 4096, 5120])
Before input_layernorm: type=<class 'torch.Tensor'>, shape=torch.Size([1, 4096, 5120])
Before input_layernorm: type=<class 'torch.Tensor'>, shape=torch.Size([1, 4096, 5120])
Before input_layernorm: type=<class 'torch.Tensor'>, shape=torch.Size([1, 4096, 5120])
Before input_layernorm: type=<class 'torch.Tensor'>, shape=torch.Size([1, 4096, 5120])
Before input_layernorm: type=<class 'torch.Tensor'>, shape=torch.Size([1, 4096, 5120])
Before input_layernorm: type=<class 'torch.Tensor'>, shape=torch.Size([1, 4096, 5120])
Before input_layernorm: type=<class 'torch.Tensor'>, shape=torch.Size([1, 4096, 5120])
Before input_layernorm: type=<class 'torch.Tensor'>, shape=torch.Size([1, 4096, 5120])
Before input_layernorm: type=<class 'torch.Tensor'>, shape=torch.Size([1, 4096, 5120])
Before input_layernorm: type=<class 'torch.Tensor'>, shape=torch.Size([1, 4096, 5120])
Before input_layernorm: type=<class 'torch.Tensor'>, shape=torch.Size([1, 4096, 5120])
Before input_layernorm: type=<class 'torch.Tensor'>, shape=torch.Size([1, 4096, 5120])
Before input_layernorm: type=<class 'torch.Tensor'>, shape=torch.Size([1, 4096, 5120])
Before input_layernorm: type=<class 'torch.Tensor'>, shape=torch.Size([1, 4096, 5120])
Before input_layernorm: type=<class 'torch.Tensor'>, shape=torch.Size([1, 4096, 5120])
Before input_layernorm: type=<class 'torch.Tensor'>, shape=torch.Size([1, 4096, 5120])
Before input_layernorm: type=<class 'torch.Tensor'>, shape=torch.Size([1, 4096, 5120])
Layer 3 restored:  33%|███▎      | 10/30 [12:37<26:20, 79.04s/it]Before input_layernorm: type=<class 'torch.Tensor'>, shape=torch.Size([1, 4096, 5120])
Before input_layernorm: type=<class 'torch.Tensor'>, shape=torch.Size([1, 4096, 5120])
Before input_layernorm: type=<class 'torch.Tensor'>, shape=torch.Size([1, 4096, 5120])
Before input_layernorm: type=<class 'torch.Tensor'>, shape=torch.Size([1, 4096, 5120])
Before input_layernorm: type=<class 'torch.Tensor'>, shape=torch.Size([1, 4096, 5120])
Before input_layernorm: type=<class 'torch.Tensor'>, shape=torch.Size([1, 4096, 5120])
Before input_layernorm: type=<class 'torch.Tensor'>, shape=torch.Size([1, 4096, 5120])
Before input_layernorm: type=<class 'torch.Tensor'>, shape=torch.Size([1, 4096, 5120])
Before input_layernorm: type=<class 'torch.Tensor'>, shape=torch.Size([1, 4096, 5120])
Before input_layernorm: type=<class 'torch.Tensor'>, shape=torch.Size([1, 4096, 5120])
Before input_layernorm: type=<class 'torch.Tensor'>, shape=torch.Size([1, 4096, 5120])
Before input_layernorm: type=<class 'torch.Tensor'>, shape=torch.Size([1, 4096, 5120])
Before input_layernorm: type=<class 'torch.Tensor'>, shape=torch.Size([1, 4096, 5120])
Before input_layernorm: type=<class 'torch.Tensor'>, shape=torch.Size([1, 4096, 5120])
Before input_layernorm: type=<class 'torch.Tensor'>, shape=torch.Size([1, 4096, 5120])
Before input_layernorm: type=<class 'torch.Tensor'>, shape=torch.Size([1, 4096, 5120])
Before input_layernorm: type=<class 'torch.Tensor'>, shape=torch.Size([1, 4096, 5120])
Before input_layernorm: type=<class 'torch.Tensor'>, shape=torch.Size([1, 4096, 5120])
Before input_layernorm: type=<class 'torch.Tensor'>, shape=torch.Size([1, 4096, 5120])
Before input_layernorm: type=<class 'torch.Tensor'>, shape=torch.Size([1, 4096, 5120])
Before input_layernorm: type=<class 'torch.Tensor'>, shape=torch.Size([1, 4096, 5120])
Before input_layernorm: type=<class 'torch.Tensor'>, shape=torch.Size([1, 4096, 5120])
Before input_layernorm: type=<class 'torch.Tensor'>, shape=torch.Size([1, 4096, 5120])
Before input_layernorm: type=<class 'torch.Tensor'>, shape=torch.Size([1, 4096, 5120])
Before input_layernorm: type=<class 'torch.Tensor'>, shape=torch.Size([1, 4096, 5120])
Before input_layernorm: type=<class 'torch.Tensor'>, shape=torch.Size([1, 4096, 5120])
Before input_layernorm: type=<class 'torch.Tensor'>, shape=torch.Size([1, 4096, 5120])
Before input_layernorm: type=<class 'torch.Tensor'>, shape=torch.Size([1, 4096, 5120])
Before input_layernorm: type=<class 'torch.Tensor'>, shape=torch.Size([1, 4096, 5120])
Before input_layernorm: type=<class 'torch.Tensor'>, shape=torch.Size([1, 4096, 5120])
Before input_layernorm: type=<class 'torch.Tensor'>, shape=torch.Size([1, 4096, 5120])
Before input_layernorm: type=<class 'torch.Tensor'>, shape=torch.Size([1, 4096, 5120])
Before input_layernorm: type=<class 'torch.Tensor'>, shape=torch.Size([1, 4096, 5120])
Before input_layernorm: type=<class 'torch.Tensor'>, shape=torch.Size([1, 4096, 5120])
Before input_layernorm: type=<class 'torch.Tensor'>, shape=torch.Size([1, 4096, 5120])
Before input_layernorm: type=<class 'torch.Tensor'>, shape=torch.Size([1, 4096, 5120])
Before input_layernorm: type=<class 'torch.Tensor'>, shape=torch.Size([1, 4096, 5120])
Before input_layernorm: type=<class 'torch.Tensor'>, shape=torch.Size([1, 4096, 5120])
Before input_layernorm: type=<class 'torch.Tensor'>, shape=torch.Size([1, 4096, 5120])
Before input_layernorm: type=<class 'torch.Tensor'>, shape=torch.Size([1, 4096, 5120])
Layer 3 restored:  37%|███▋      | 11/30 [14:11<26:27, 83.58s/it]Before input_layernorm: type=<class 'torch.Tensor'>, shape=torch.Size([1, 4096, 5120])
Before input_layernorm: type=<class 'torch.Tensor'>, shape=torch.Size([1, 4096, 5120])
Before input_layernorm: type=<class 'torch.Tensor'>, shape=torch.Size([1, 4096, 5120])
Before input_layernorm: type=<class 'torch.Tensor'>, shape=torch.Size([1, 4096, 5120])
Before input_layernorm: type=<class 'torch.Tensor'>, shape=torch.Size([1, 4096, 5120])
Before input_layernorm: type=<class 'torch.Tensor'>, shape=torch.Size([1, 4096, 5120])
Before input_layernorm: type=<class 'torch.Tensor'>, shape=torch.Size([1, 4096, 5120])
Before input_layernorm: type=<class 'torch.Tensor'>, shape=torch.Size([1, 4096, 5120])
Before input_layernorm: type=<class 'torch.Tensor'>, shape=torch.Size([1, 4096, 5120])
Before input_layernorm: type=<class 'torch.Tensor'>, shape=torch.Size([1, 4096, 5120])
Before input_layernorm: type=<class 'torch.Tensor'>, shape=torch.Size([1, 4096, 5120])
Before input_layernorm: type=<class 'torch.Tensor'>, shape=torch.Size([1, 4096, 5120])
Before input_layernorm: type=<class 'torch.Tensor'>, shape=torch.Size([1, 4096, 5120])
Before input_layernorm: type=<class 'torch.Tensor'>, shape=torch.Size([1, 4096, 5120])
Before input_layernorm: type=<class 'torch.Tensor'>, shape=torch.Size([1, 4096, 5120])
Before input_layernorm: type=<class 'torch.Tensor'>, shape=torch.Size([1, 4096, 5120])
Before input_layernorm: type=<class 'torch.Tensor'>, shape=torch.Size([1, 4096, 5120])
Before input_layernorm: type=<class 'torch.Tensor'>, shape=torch.Size([1, 4096, 5120])
Before input_layernorm: type=<class 'torch.Tensor'>, shape=torch.Size([1, 4096, 5120])
Before input_layernorm: type=<class 'torch.Tensor'>, shape=torch.Size([1, 4096, 5120])
Before input_layernorm: type=<class 'torch.Tensor'>, shape=torch.Size([1, 4096, 5120])
Before input_layernorm: type=<class 'torch.Tensor'>, shape=torch.Size([1, 4096, 5120])
Before input_layernorm: type=<class 'torch.Tensor'>, shape=torch.Size([1, 4096, 5120])
Before input_layernorm: type=<class 'torch.Tensor'>, shape=torch.Size([1, 4096, 5120])
Before input_layernorm: type=<class 'torch.Tensor'>, shape=torch.Size([1, 4096, 5120])
Before input_layernorm: type=<class 'torch.Tensor'>, shape=torch.Size([1, 4096, 5120])
Before input_layernorm: type=<class 'torch.Tensor'>, shape=torch.Size([1, 4096, 5120])
Before input_layernorm: type=<class 'torch.Tensor'>, shape=torch.Size([1, 4096, 5120])
Before input_layernorm: type=<class 'torch.Tensor'>, shape=torch.Size([1, 4096, 5120])
Before input_layernorm: type=<class 'torch.Tensor'>, shape=torch.Size([1, 4096, 5120])
Before input_layernorm: type=<class 'torch.Tensor'>, shape=torch.Size([1, 4096, 5120])
Before input_layernorm: type=<class 'torch.Tensor'>, shape=torch.Size([1, 4096, 5120])
Before input_layernorm: type=<class 'torch.Tensor'>, shape=torch.Size([1, 4096, 5120])
Before input_layernorm: type=<class 'torch.Tensor'>, shape=torch.Size([1, 4096, 5120])
Before input_layernorm: type=<class 'torch.Tensor'>, shape=torch.Size([1, 4096, 5120])
Before input_layernorm: type=<class 'torch.Tensor'>, shape=torch.Size([1, 4096, 5120])
Before input_layernorm: type=<class 'torch.Tensor'>, shape=torch.Size([1, 4096, 5120])
Before input_layernorm: type=<class 'torch.Tensor'>, shape=torch.Size([1, 4096, 5120])
Before input_layernorm: type=<class 'torch.Tensor'>, shape=torch.Size([1, 4096, 5120])
Before input_layernorm: type=<class 'torch.Tensor'>, shape=torch.Size([1, 4096, 5120])
Layer 3 restored:  40%|████      | 12/30 [16:29<30:03, 100.18s/it]Before input_layernorm: type=<class 'torch.Tensor'>, shape=torch.Size([1, 4096, 5120])
Before input_layernorm: type=<class 'torch.Tensor'>, shape=torch.Size([1, 4096, 5120])
Before input_layernorm: type=<class 'torch.Tensor'>, shape=torch.Size([1, 4096, 5120])
Before input_layernorm: type=<class 'torch.Tensor'>, shape=torch.Size([1, 4096, 5120])
Before input_layernorm: type=<class 'torch.Tensor'>, shape=torch.Size([1, 4096, 5120])
Before input_layernorm: type=<class 'torch.Tensor'>, shape=torch.Size([1, 4096, 5120])
Before input_layernorm: type=<class 'torch.Tensor'>, shape=torch.Size([1, 4096, 5120])
Before input_layernorm: type=<class 'torch.Tensor'>, shape=torch.Size([1, 4096, 5120])
Before input_layernorm: type=<class 'torch.Tensor'>, shape=torch.Size([1, 4096, 5120])
Before input_layernorm: type=<class 'torch.Tensor'>, shape=torch.Size([1, 4096, 5120])
Before input_layernorm: type=<class 'torch.Tensor'>, shape=torch.Size([1, 4096, 5120])
Before input_layernorm: type=<class 'torch.Tensor'>, shape=torch.Size([1, 4096, 5120])
Before input_layernorm: type=<class 'torch.Tensor'>, shape=torch.Size([1, 4096, 5120])
Before input_layernorm: type=<class 'torch.Tensor'>, shape=torch.Size([1, 4096, 5120])
Before input_layernorm: type=<class 'torch.Tensor'>, shape=torch.Size([1, 4096, 5120])
Before input_layernorm: type=<class 'torch.Tensor'>, shape=torch.Size([1, 4096, 5120])
Before input_layernorm: type=<class 'torch.Tensor'>, shape=torch.Size([1, 4096, 5120])
Before input_layernorm: type=<class 'torch.Tensor'>, shape=torch.Size([1, 4096, 5120])
Before input_layernorm: type=<class 'torch.Tensor'>, shape=torch.Size([1, 4096, 5120])
Before input_layernorm: type=<class 'torch.Tensor'>, shape=torch.Size([1, 4096, 5120])
Before input_layernorm: type=<class 'torch.Tensor'>, shape=torch.Size([1, 4096, 5120])
Before input_layernorm: type=<class 'torch.Tensor'>, shape=torch.Size([1, 4096, 5120])
Before input_layernorm: type=<class 'torch.Tensor'>, shape=torch.Size([1, 4096, 5120])
Before input_layernorm: type=<class 'torch.Tensor'>, shape=torch.Size([1, 4096, 5120])
Before input_layernorm: type=<class 'torch.Tensor'>, shape=torch.Size([1, 4096, 5120])
Before input_layernorm: type=<class 'torch.Tensor'>, shape=torch.Size([1, 4096, 5120])
Before input_layernorm: type=<class 'torch.Tensor'>, shape=torch.Size([1, 4096, 5120])
Before input_layernorm: type=<class 'torch.Tensor'>, shape=torch.Size([1, 4096, 5120])
Before input_layernorm: type=<class 'torch.Tensor'>, shape=torch.Size([1, 4096, 5120])
Before input_layernorm: type=<class 'torch.Tensor'>, shape=torch.Size([1, 4096, 5120])
Before input_layernorm: type=<class 'torch.Tensor'>, shape=torch.Size([1, 4096, 5120])
Before input_layernorm: type=<class 'torch.Tensor'>, shape=torch.Size([1, 4096, 5120])
Before input_layernorm: type=<class 'torch.Tensor'>, shape=torch.Size([1, 4096, 5120])
Before input_layernorm: type=<class 'torch.Tensor'>, shape=torch.Size([1, 4096, 5120])
Before input_layernorm: type=<class 'torch.Tensor'>, shape=torch.Size([1, 4096, 5120])
Before input_layernorm: type=<class 'torch.Tensor'>, shape=torch.Size([1, 4096, 5120])
Before input_layernorm: type=<class 'torch.Tensor'>, shape=torch.Size([1, 4096, 5120])
Before input_layernorm: type=<class 'torch.Tensor'>, shape=torch.Size([1, 4096, 5120])
Before input_layernorm: type=<class 'torch.Tensor'>, shape=torch.Size([1, 4096, 5120])
Before input_layernorm: type=<class 'torch.Tensor'>, shape=torch.Size([1, 4096, 5120])
Layer 3 restored:  43%|████▎     | 13/30 [18:45<31:25, 110.90s/it]Before input_layernorm: type=<class 'torch.Tensor'>, shape=torch.Size([1, 4096, 5120])
Before input_layernorm: type=<class 'torch.Tensor'>, shape=torch.Size([1, 4096, 5120])
Before input_layernorm: type=<class 'torch.Tensor'>, shape=torch.Size([1, 4096, 5120])
Before input_layernorm: type=<class 'torch.Tensor'>, shape=torch.Size([1, 4096, 5120])
Before input_layernorm: type=<class 'torch.Tensor'>, shape=torch.Size([1, 4096, 5120])
Before input_layernorm: type=<class 'torch.Tensor'>, shape=torch.Size([1, 4096, 5120])
Before input_layernorm: type=<class 'torch.Tensor'>, shape=torch.Size([1, 4096, 5120])
Before input_layernorm: type=<class 'torch.Tensor'>, shape=torch.Size([1, 4096, 5120])
Before input_layernorm: type=<class 'torch.Tensor'>, shape=torch.Size([1, 4096, 5120])
Before input_layernorm: type=<class 'torch.Tensor'>, shape=torch.Size([1, 4096, 5120])
Before input_layernorm: type=<class 'torch.Tensor'>, shape=torch.Size([1, 4096, 5120])
Before input_layernorm: type=<class 'torch.Tensor'>, shape=torch.Size([1, 4096, 5120])
Before input_layernorm: type=<class 'torch.Tensor'>, shape=torch.Size([1, 4096, 5120])
Before input_layernorm: type=<class 'torch.Tensor'>, shape=torch.Size([1, 4096, 5120])
Before input_layernorm: type=<class 'torch.Tensor'>, shape=torch.Size([1, 4096, 5120])
Before input_layernorm: type=<class 'torch.Tensor'>, shape=torch.Size([1, 4096, 5120])
Before input_layernorm: type=<class 'torch.Tensor'>, shape=torch.Size([1, 4096, 5120])
Before input_layernorm: type=<class 'torch.Tensor'>, shape=torch.Size([1, 4096, 5120])
Before input_layernorm: type=<class 'torch.Tensor'>, shape=torch.Size([1, 4096, 5120])
Before input_layernorm: type=<class 'torch.Tensor'>, shape=torch.Size([1, 4096, 5120])
Before input_layernorm: type=<class 'torch.Tensor'>, shape=torch.Size([1, 4096, 5120])
Before input_layernorm: type=<class 'torch.Tensor'>, shape=torch.Size([1, 4096, 5120])
Before input_layernorm: type=<class 'torch.Tensor'>, shape=torch.Size([1, 4096, 5120])
Before input_layernorm: type=<class 'torch.Tensor'>, shape=torch.Size([1, 4096, 5120])
Before input_layernorm: type=<class 'torch.Tensor'>, shape=torch.Size([1, 4096, 5120])
Before input_layernorm: type=<class 'torch.Tensor'>, shape=torch.Size([1, 4096, 5120])
Before input_layernorm: type=<class 'torch.Tensor'>, shape=torch.Size([1, 4096, 5120])
Before input_layernorm: type=<class 'torch.Tensor'>, shape=torch.Size([1, 4096, 5120])
Before input_layernorm: type=<class 'torch.Tensor'>, shape=torch.Size([1, 4096, 5120])
Before input_layernorm: type=<class 'torch.Tensor'>, shape=torch.Size([1, 4096, 5120])
Before input_layernorm: type=<class 'torch.Tensor'>, shape=torch.Size([1, 4096, 5120])
Before input_layernorm: type=<class 'torch.Tensor'>, shape=torch.Size([1, 4096, 5120])
Before input_layernorm: type=<class 'torch.Tensor'>, shape=torch.Size([1, 4096, 5120])
Before input_layernorm: type=<class 'torch.Tensor'>, shape=torch.Size([1, 4096, 5120])
Before input_layernorm: type=<class 'torch.Tensor'>, shape=torch.Size([1, 4096, 5120])
Before input_layernorm: type=<class 'torch.Tensor'>, shape=torch.Size([1, 4096, 5120])
Before input_layernorm: type=<class 'torch.Tensor'>, shape=torch.Size([1, 4096, 5120])
Before input_layernorm: type=<class 'torch.Tensor'>, shape=torch.Size([1, 4096, 5120])
Before input_layernorm: type=<class 'torch.Tensor'>, shape=torch.Size([1, 4096, 5120])
Before input_layernorm: type=<class 'torch.Tensor'>, shape=torch.Size([1, 4096, 5120])
Layer 3 restored:  47%|████▋     | 14/30 [21:09<32:15, 120.96s/it]Before input_layernorm: type=<class 'torch.Tensor'>, shape=torch.Size([1, 4096, 5120])
Before input_layernorm: type=<class 'torch.Tensor'>, shape=torch.Size([1, 4096, 5120])
Before input_layernorm: type=<class 'torch.Tensor'>, shape=torch.Size([1, 4096, 5120])
Before input_layernorm: type=<class 'torch.Tensor'>, shape=torch.Size([1, 4096, 5120])
Before input_layernorm: type=<class 'torch.Tensor'>, shape=torch.Size([1, 4096, 5120])
Before input_layernorm: type=<class 'torch.Tensor'>, shape=torch.Size([1, 4096, 5120])
Before input_layernorm: type=<class 'torch.Tensor'>, shape=torch.Size([1, 4096, 5120])
Before input_layernorm: type=<class 'torch.Tensor'>, shape=torch.Size([1, 4096, 5120])
Before input_layernorm: type=<class 'torch.Tensor'>, shape=torch.Size([1, 4096, 5120])
Before input_layernorm: type=<class 'torch.Tensor'>, shape=torch.Size([1, 4096, 5120])
Before input_layernorm: type=<class 'torch.Tensor'>, shape=torch.Size([1, 4096, 5120])
Before input_layernorm: type=<class 'torch.Tensor'>, shape=torch.Size([1, 4096, 5120])
Before input_layernorm: type=<class 'torch.Tensor'>, shape=torch.Size([1, 4096, 5120])
Before input_layernorm: type=<class 'torch.Tensor'>, shape=torch.Size([1, 4096, 5120])
Before input_layernorm: type=<class 'torch.Tensor'>, shape=torch.Size([1, 4096, 5120])
Before input_layernorm: type=<class 'torch.Tensor'>, shape=torch.Size([1, 4096, 5120])
Before input_layernorm: type=<class 'torch.Tensor'>, shape=torch.Size([1, 4096, 5120])
Before input_layernorm: type=<class 'torch.Tensor'>, shape=torch.Size([1, 4096, 5120])
Before input_layernorm: type=<class 'torch.Tensor'>, shape=torch.Size([1, 4096, 5120])
Before input_layernorm: type=<class 'torch.Tensor'>, shape=torch.Size([1, 4096, 5120])
Before input_layernorm: type=<class 'torch.Tensor'>, shape=torch.Size([1, 4096, 5120])
Before input_layernorm: type=<class 'torch.Tensor'>, shape=torch.Size([1, 4096, 5120])
Before input_layernorm: type=<class 'torch.Tensor'>, shape=torch.Size([1, 4096, 5120])
Before input_layernorm: type=<class 'torch.Tensor'>, shape=torch.Size([1, 4096, 5120])
Before input_layernorm: type=<class 'torch.Tensor'>, shape=torch.Size([1, 4096, 5120])
Before input_layernorm: type=<class 'torch.Tensor'>, shape=torch.Size([1, 4096, 5120])
Before input_layernorm: type=<class 'torch.Tensor'>, shape=torch.Size([1, 4096, 5120])
Before input_layernorm: type=<class 'torch.Tensor'>, shape=torch.Size([1, 4096, 5120])
Before input_layernorm: type=<class 'torch.Tensor'>, shape=torch.Size([1, 4096, 5120])
Before input_layernorm: type=<class 'torch.Tensor'>, shape=torch.Size([1, 4096, 5120])
Before input_layernorm: type=<class 'torch.Tensor'>, shape=torch.Size([1, 4096, 5120])
Before input_layernorm: type=<class 'torch.Tensor'>, shape=torch.Size([1, 4096, 5120])
Before input_layernorm: type=<class 'torch.Tensor'>, shape=torch.Size([1, 4096, 5120])
Before input_layernorm: type=<class 'torch.Tensor'>, shape=torch.Size([1, 4096, 5120])
Before input_layernorm: type=<class 'torch.Tensor'>, shape=torch.Size([1, 4096, 5120])
Before input_layernorm: type=<class 'torch.Tensor'>, shape=torch.Size([1, 4096, 5120])
Before input_layernorm: type=<class 'torch.Tensor'>, shape=torch.Size([1, 4096, 5120])
Before input_layernorm: type=<class 'torch.Tensor'>, shape=torch.Size([1, 4096, 5120])
Before input_layernorm: type=<class 'torch.Tensor'>, shape=torch.Size([1, 4096, 5120])
Before input_layernorm: type=<class 'torch.Tensor'>, shape=torch.Size([1, 4096, 5120])
Layer 3 restored:  50%|█████     | 15/30 [23:21<31:04, 124.33s/it]Before input_layernorm: type=<class 'torch.Tensor'>, shape=torch.Size([1, 4096, 5120])
Before input_layernorm: type=<class 'torch.Tensor'>, shape=torch.Size([1, 4096, 5120])
Before input_layernorm: type=<class 'torch.Tensor'>, shape=torch.Size([1, 4096, 5120])
Before input_layernorm: type=<class 'torch.Tensor'>, shape=torch.Size([1, 4096, 5120])
Before input_layernorm: type=<class 'torch.Tensor'>, shape=torch.Size([1, 4096, 5120])
Before input_layernorm: type=<class 'torch.Tensor'>, shape=torch.Size([1, 4096, 5120])
Before input_layernorm: type=<class 'torch.Tensor'>, shape=torch.Size([1, 4096, 5120])
Before input_layernorm: type=<class 'torch.Tensor'>, shape=torch.Size([1, 4096, 5120])
Before input_layernorm: type=<class 'torch.Tensor'>, shape=torch.Size([1, 4096, 5120])
Before input_layernorm: type=<class 'torch.Tensor'>, shape=torch.Size([1, 4096, 5120])
Before input_layernorm: type=<class 'torch.Tensor'>, shape=torch.Size([1, 4096, 5120])
Before input_layernorm: type=<class 'torch.Tensor'>, shape=torch.Size([1, 4096, 5120])
Before input_layernorm: type=<class 'torch.Tensor'>, shape=torch.Size([1, 4096, 5120])
Before input_layernorm: type=<class 'torch.Tensor'>, shape=torch.Size([1, 4096, 5120])
Before input_layernorm: type=<class 'torch.Tensor'>, shape=torch.Size([1, 4096, 5120])
Before input_layernorm: type=<class 'torch.Tensor'>, shape=torch.Size([1, 4096, 5120])
Before input_layernorm: type=<class 'torch.Tensor'>, shape=torch.Size([1, 4096, 5120])
Before input_layernorm: type=<class 'torch.Tensor'>, shape=torch.Size([1, 4096, 5120])
Before input_layernorm: type=<class 'torch.Tensor'>, shape=torch.Size([1, 4096, 5120])
Before input_layernorm: type=<class 'torch.Tensor'>, shape=torch.Size([1, 4096, 5120])
Before input_layernorm: type=<class 'torch.Tensor'>, shape=torch.Size([1, 4096, 5120])
Before input_layernorm: type=<class 'torch.Tensor'>, shape=torch.Size([1, 4096, 5120])
Before input_layernorm: type=<class 'torch.Tensor'>, shape=torch.Size([1, 4096, 5120])
Before input_layernorm: type=<class 'torch.Tensor'>, shape=torch.Size([1, 4096, 5120])
Before input_layernorm: type=<class 'torch.Tensor'>, shape=torch.Size([1, 4096, 5120])
Before input_layernorm: type=<class 'torch.Tensor'>, shape=torch.Size([1, 4096, 5120])
Before input_layernorm: type=<class 'torch.Tensor'>, shape=torch.Size([1, 4096, 5120])
Before input_layernorm: type=<class 'torch.Tensor'>, shape=torch.Size([1, 4096, 5120])
Before input_layernorm: type=<class 'torch.Tensor'>, shape=torch.Size([1, 4096, 5120])
Before input_layernorm: type=<class 'torch.Tensor'>, shape=torch.Size([1, 4096, 5120])
Before input_layernorm: type=<class 'torch.Tensor'>, shape=torch.Size([1, 4096, 5120])
Before input_layernorm: type=<class 'torch.Tensor'>, shape=torch.Size([1, 4096, 5120])
Before input_layernorm: type=<class 'torch.Tensor'>, shape=torch.Size([1, 4096, 5120])
Before input_layernorm: type=<class 'torch.Tensor'>, shape=torch.Size([1, 4096, 5120])
Before input_layernorm: type=<class 'torch.Tensor'>, shape=torch.Size([1, 4096, 5120])
Before input_layernorm: type=<class 'torch.Tensor'>, shape=torch.Size([1, 4096, 5120])
Before input_layernorm: type=<class 'torch.Tensor'>, shape=torch.Size([1, 4096, 5120])
Before input_layernorm: type=<class 'torch.Tensor'>, shape=torch.Size([1, 4096, 5120])
Before input_layernorm: type=<class 'torch.Tensor'>, shape=torch.Size([1, 4096, 5120])
Before input_layernorm: type=<class 'torch.Tensor'>, shape=torch.Size([1, 4096, 5120])
Layer 3 restored:  53%|█████▎    | 16/30 [25:40<30:01, 128.69s/it]Before input_layernorm: type=<class 'torch.Tensor'>, shape=torch.Size([1, 4096, 5120])
Before input_layernorm: type=<class 'torch.Tensor'>, shape=torch.Size([1, 4096, 5120])
Before input_layernorm: type=<class 'torch.Tensor'>, shape=torch.Size([1, 4096, 5120])
Before input_layernorm: type=<class 'torch.Tensor'>, shape=torch.Size([1, 4096, 5120])
Before input_layernorm: type=<class 'torch.Tensor'>, shape=torch.Size([1, 4096, 5120])
Before input_layernorm: type=<class 'torch.Tensor'>, shape=torch.Size([1, 4096, 5120])
Before input_layernorm: type=<class 'torch.Tensor'>, shape=torch.Size([1, 4096, 5120])
Before input_layernorm: type=<class 'torch.Tensor'>, shape=torch.Size([1, 4096, 5120])
Before input_layernorm: type=<class 'torch.Tensor'>, shape=torch.Size([1, 4096, 5120])
Before input_layernorm: type=<class 'torch.Tensor'>, shape=torch.Size([1, 4096, 5120])
Before input_layernorm: type=<class 'torch.Tensor'>, shape=torch.Size([1, 4096, 5120])
Before input_layernorm: type=<class 'torch.Tensor'>, shape=torch.Size([1, 4096, 5120])
Before input_layernorm: type=<class 'torch.Tensor'>, shape=torch.Size([1, 4096, 5120])
Before input_layernorm: type=<class 'torch.Tensor'>, shape=torch.Size([1, 4096, 5120])
Before input_layernorm: type=<class 'torch.Tensor'>, shape=torch.Size([1, 4096, 5120])
Before input_layernorm: type=<class 'torch.Tensor'>, shape=torch.Size([1, 4096, 5120])
Before input_layernorm: type=<class 'torch.Tensor'>, shape=torch.Size([1, 4096, 5120])
Before input_layernorm: type=<class 'torch.Tensor'>, shape=torch.Size([1, 4096, 5120])
Before input_layernorm: type=<class 'torch.Tensor'>, shape=torch.Size([1, 4096, 5120])
Before input_layernorm: type=<class 'torch.Tensor'>, shape=torch.Size([1, 4096, 5120])
Before input_layernorm: type=<class 'torch.Tensor'>, shape=torch.Size([1, 4096, 5120])
Before input_layernorm: type=<class 'torch.Tensor'>, shape=torch.Size([1, 4096, 5120])
Before input_layernorm: type=<class 'torch.Tensor'>, shape=torch.Size([1, 4096, 5120])
Before input_layernorm: type=<class 'torch.Tensor'>, shape=torch.Size([1, 4096, 5120])
Before input_layernorm: type=<class 'torch.Tensor'>, shape=torch.Size([1, 4096, 5120])
Before input_layernorm: type=<class 'torch.Tensor'>, shape=torch.Size([1, 4096, 5120])
Before input_layernorm: type=<class 'torch.Tensor'>, shape=torch.Size([1, 4096, 5120])
Before input_layernorm: type=<class 'torch.Tensor'>, shape=torch.Size([1, 4096, 5120])
Before input_layernorm: type=<class 'torch.Tensor'>, shape=torch.Size([1, 4096, 5120])
Before input_layernorm: type=<class 'torch.Tensor'>, shape=torch.Size([1, 4096, 5120])
Before input_layernorm: type=<class 'torch.Tensor'>, shape=torch.Size([1, 4096, 5120])
Before input_layernorm: type=<class 'torch.Tensor'>, shape=torch.Size([1, 4096, 5120])
Before input_layernorm: type=<class 'torch.Tensor'>, shape=torch.Size([1, 4096, 5120])
Before input_layernorm: type=<class 'torch.Tensor'>, shape=torch.Size([1, 4096, 5120])
Before input_layernorm: type=<class 'torch.Tensor'>, shape=torch.Size([1, 4096, 5120])
Before input_layernorm: type=<class 'torch.Tensor'>, shape=torch.Size([1, 4096, 5120])
Before input_layernorm: type=<class 'torch.Tensor'>, shape=torch.Size([1, 4096, 5120])
Before input_layernorm: type=<class 'torch.Tensor'>, shape=torch.Size([1, 4096, 5120])
Before input_layernorm: type=<class 'torch.Tensor'>, shape=torch.Size([1, 4096, 5120])
Before input_layernorm: type=<class 'torch.Tensor'>, shape=torch.Size([1, 4096, 5120])
Layer 3 restored:  57%|█████▋    | 17/30 [28:00<28:39, 132.23s/it]Before input_layernorm: type=<class 'torch.Tensor'>, shape=torch.Size([1, 4096, 5120])
Before input_layernorm: type=<class 'torch.Tensor'>, shape=torch.Size([1, 4096, 5120])
Before input_layernorm: type=<class 'torch.Tensor'>, shape=torch.Size([1, 4096, 5120])
Before input_layernorm: type=<class 'torch.Tensor'>, shape=torch.Size([1, 4096, 5120])
Before input_layernorm: type=<class 'torch.Tensor'>, shape=torch.Size([1, 4096, 5120])
Before input_layernorm: type=<class 'torch.Tensor'>, shape=torch.Size([1, 4096, 5120])
Before input_layernorm: type=<class 'torch.Tensor'>, shape=torch.Size([1, 4096, 5120])
Before input_layernorm: type=<class 'torch.Tensor'>, shape=torch.Size([1, 4096, 5120])
Before input_layernorm: type=<class 'torch.Tensor'>, shape=torch.Size([1, 4096, 5120])
Before input_layernorm: type=<class 'torch.Tensor'>, shape=torch.Size([1, 4096, 5120])
Before input_layernorm: type=<class 'torch.Tensor'>, shape=torch.Size([1, 4096, 5120])
Before input_layernorm: type=<class 'torch.Tensor'>, shape=torch.Size([1, 4096, 5120])
Before input_layernorm: type=<class 'torch.Tensor'>, shape=torch.Size([1, 4096, 5120])
Before input_layernorm: type=<class 'torch.Tensor'>, shape=torch.Size([1, 4096, 5120])
Before input_layernorm: type=<class 'torch.Tensor'>, shape=torch.Size([1, 4096, 5120])
Before input_layernorm: type=<class 'torch.Tensor'>, shape=torch.Size([1, 4096, 5120])
Before input_layernorm: type=<class 'torch.Tensor'>, shape=torch.Size([1, 4096, 5120])
Before input_layernorm: type=<class 'torch.Tensor'>, shape=torch.Size([1, 4096, 5120])
Before input_layernorm: type=<class 'torch.Tensor'>, shape=torch.Size([1, 4096, 5120])
Before input_layernorm: type=<class 'torch.Tensor'>, shape=torch.Size([1, 4096, 5120])
Before input_layernorm: type=<class 'torch.Tensor'>, shape=torch.Size([1, 4096, 5120])
Before input_layernorm: type=<class 'torch.Tensor'>, shape=torch.Size([1, 4096, 5120])
Before input_layernorm: type=<class 'torch.Tensor'>, shape=torch.Size([1, 4096, 5120])
Before input_layernorm: type=<class 'torch.Tensor'>, shape=torch.Size([1, 4096, 5120])
Before input_layernorm: type=<class 'torch.Tensor'>, shape=torch.Size([1, 4096, 5120])
Before input_layernorm: type=<class 'torch.Tensor'>, shape=torch.Size([1, 4096, 5120])
Before input_layernorm: type=<class 'torch.Tensor'>, shape=torch.Size([1, 4096, 5120])
Before input_layernorm: type=<class 'torch.Tensor'>, shape=torch.Size([1, 4096, 5120])
Before input_layernorm: type=<class 'torch.Tensor'>, shape=torch.Size([1, 4096, 5120])
Before input_layernorm: type=<class 'torch.Tensor'>, shape=torch.Size([1, 4096, 5120])
Before input_layernorm: type=<class 'torch.Tensor'>, shape=torch.Size([1, 4096, 5120])
Before input_layernorm: type=<class 'torch.Tensor'>, shape=torch.Size([1, 4096, 5120])
Before input_layernorm: type=<class 'torch.Tensor'>, shape=torch.Size([1, 4096, 5120])
Before input_layernorm: type=<class 'torch.Tensor'>, shape=torch.Size([1, 4096, 5120])
Before input_layernorm: type=<class 'torch.Tensor'>, shape=torch.Size([1, 4096, 5120])
Before input_layernorm: type=<class 'torch.Tensor'>, shape=torch.Size([1, 4096, 5120])
Before input_layernorm: type=<class 'torch.Tensor'>, shape=torch.Size([1, 4096, 5120])
Before input_layernorm: type=<class 'torch.Tensor'>, shape=torch.Size([1, 4096, 5120])
Before input_layernorm: type=<class 'torch.Tensor'>, shape=torch.Size([1, 4096, 5120])
Before input_layernorm: type=<class 'torch.Tensor'>, shape=torch.Size([1, 4096, 5120])
Layer 3 restored:  60%|██████    | 18/30 [30:16<26:37, 133.16s/it]Before input_layernorm: type=<class 'torch.Tensor'>, shape=torch.Size([1, 4096, 5120])
Before input_layernorm: type=<class 'torch.Tensor'>, shape=torch.Size([1, 4096, 5120])
Before input_layernorm: type=<class 'torch.Tensor'>, shape=torch.Size([1, 4096, 5120])
Before input_layernorm: type=<class 'torch.Tensor'>, shape=torch.Size([1, 4096, 5120])
Before input_layernorm: type=<class 'torch.Tensor'>, shape=torch.Size([1, 4096, 5120])
Before input_layernorm: type=<class 'torch.Tensor'>, shape=torch.Size([1, 4096, 5120])
Before input_layernorm: type=<class 'torch.Tensor'>, shape=torch.Size([1, 4096, 5120])
Before input_layernorm: type=<class 'torch.Tensor'>, shape=torch.Size([1, 4096, 5120])
Before input_layernorm: type=<class 'torch.Tensor'>, shape=torch.Size([1, 4096, 5120])
Before input_layernorm: type=<class 'torch.Tensor'>, shape=torch.Size([1, 4096, 5120])
Before input_layernorm: type=<class 'torch.Tensor'>, shape=torch.Size([1, 4096, 5120])
Before input_layernorm: type=<class 'torch.Tensor'>, shape=torch.Size([1, 4096, 5120])
Before input_layernorm: type=<class 'torch.Tensor'>, shape=torch.Size([1, 4096, 5120])
Before input_layernorm: type=<class 'torch.Tensor'>, shape=torch.Size([1, 4096, 5120])
Before input_layernorm: type=<class 'torch.Tensor'>, shape=torch.Size([1, 4096, 5120])
Before input_layernorm: type=<class 'torch.Tensor'>, shape=torch.Size([1, 4096, 5120])
Before input_layernorm: type=<class 'torch.Tensor'>, shape=torch.Size([1, 4096, 5120])
Before input_layernorm: type=<class 'torch.Tensor'>, shape=torch.Size([1, 4096, 5120])
Before input_layernorm: type=<class 'torch.Tensor'>, shape=torch.Size([1, 4096, 5120])
Before input_layernorm: type=<class 'torch.Tensor'>, shape=torch.Size([1, 4096, 5120])
Before input_layernorm: type=<class 'torch.Tensor'>, shape=torch.Size([1, 4096, 5120])
Before input_layernorm: type=<class 'torch.Tensor'>, shape=torch.Size([1, 4096, 5120])
Before input_layernorm: type=<class 'torch.Tensor'>, shape=torch.Size([1, 4096, 5120])
Before input_layernorm: type=<class 'torch.Tensor'>, shape=torch.Size([1, 4096, 5120])
Before input_layernorm: type=<class 'torch.Tensor'>, shape=torch.Size([1, 4096, 5120])
Before input_layernorm: type=<class 'torch.Tensor'>, shape=torch.Size([1, 4096, 5120])
Before input_layernorm: type=<class 'torch.Tensor'>, shape=torch.Size([1, 4096, 5120])
Before input_layernorm: type=<class 'torch.Tensor'>, shape=torch.Size([1, 4096, 5120])
Before input_layernorm: type=<class 'torch.Tensor'>, shape=torch.Size([1, 4096, 5120])
Before input_layernorm: type=<class 'torch.Tensor'>, shape=torch.Size([1, 4096, 5120])
Before input_layernorm: type=<class 'torch.Tensor'>, shape=torch.Size([1, 4096, 5120])
Before input_layernorm: type=<class 'torch.Tensor'>, shape=torch.Size([1, 4096, 5120])
Before input_layernorm: type=<class 'torch.Tensor'>, shape=torch.Size([1, 4096, 5120])
Before input_layernorm: type=<class 'torch.Tensor'>, shape=torch.Size([1, 4096, 5120])
Before input_layernorm: type=<class 'torch.Tensor'>, shape=torch.Size([1, 4096, 5120])
Before input_layernorm: type=<class 'torch.Tensor'>, shape=torch.Size([1, 4096, 5120])
Before input_layernorm: type=<class 'torch.Tensor'>, shape=torch.Size([1, 4096, 5120])
Before input_layernorm: type=<class 'torch.Tensor'>, shape=torch.Size([1, 4096, 5120])
Before input_layernorm: type=<class 'torch.Tensor'>, shape=torch.Size([1, 4096, 5120])
Before input_layernorm: type=<class 'torch.Tensor'>, shape=torch.Size([1, 4096, 5120])
Layer 3 restored:  63%|██████▎   | 19/30 [32:33<24:39, 134.48s/it]Before input_layernorm: type=<class 'torch.Tensor'>, shape=torch.Size([1, 4096, 5120])
Before input_layernorm: type=<class 'torch.Tensor'>, shape=torch.Size([1, 4096, 5120])
Before input_layernorm: type=<class 'torch.Tensor'>, shape=torch.Size([1, 4096, 5120])
Before input_layernorm: type=<class 'torch.Tensor'>, shape=torch.Size([1, 4096, 5120])
Before input_layernorm: type=<class 'torch.Tensor'>, shape=torch.Size([1, 4096, 5120])
Before input_layernorm: type=<class 'torch.Tensor'>, shape=torch.Size([1, 4096, 5120])
Before input_layernorm: type=<class 'torch.Tensor'>, shape=torch.Size([1, 4096, 5120])
Before input_layernorm: type=<class 'torch.Tensor'>, shape=torch.Size([1, 4096, 5120])
Before input_layernorm: type=<class 'torch.Tensor'>, shape=torch.Size([1, 4096, 5120])
Before input_layernorm: type=<class 'torch.Tensor'>, shape=torch.Size([1, 4096, 5120])
Before input_layernorm: type=<class 'torch.Tensor'>, shape=torch.Size([1, 4096, 5120])
Before input_layernorm: type=<class 'torch.Tensor'>, shape=torch.Size([1, 4096, 5120])
Before input_layernorm: type=<class 'torch.Tensor'>, shape=torch.Size([1, 4096, 5120])
Before input_layernorm: type=<class 'torch.Tensor'>, shape=torch.Size([1, 4096, 5120])
Before input_layernorm: type=<class 'torch.Tensor'>, shape=torch.Size([1, 4096, 5120])
Before input_layernorm: type=<class 'torch.Tensor'>, shape=torch.Size([1, 4096, 5120])
Before input_layernorm: type=<class 'torch.Tensor'>, shape=torch.Size([1, 4096, 5120])
Before input_layernorm: type=<class 'torch.Tensor'>, shape=torch.Size([1, 4096, 5120])
Before input_layernorm: type=<class 'torch.Tensor'>, shape=torch.Size([1, 4096, 5120])
Before input_layernorm: type=<class 'torch.Tensor'>, shape=torch.Size([1, 4096, 5120])
Before input_layernorm: type=<class 'torch.Tensor'>, shape=torch.Size([1, 4096, 5120])
Before input_layernorm: type=<class 'torch.Tensor'>, shape=torch.Size([1, 4096, 5120])
Before input_layernorm: type=<class 'torch.Tensor'>, shape=torch.Size([1, 4096, 5120])
Before input_layernorm: type=<class 'torch.Tensor'>, shape=torch.Size([1, 4096, 5120])
Before input_layernorm: type=<class 'torch.Tensor'>, shape=torch.Size([1, 4096, 5120])
Before input_layernorm: type=<class 'torch.Tensor'>, shape=torch.Size([1, 4096, 5120])
Before input_layernorm: type=<class 'torch.Tensor'>, shape=torch.Size([1, 4096, 5120])
Before input_layernorm: type=<class 'torch.Tensor'>, shape=torch.Size([1, 4096, 5120])
Before input_layernorm: type=<class 'torch.Tensor'>, shape=torch.Size([1, 4096, 5120])
Before input_layernorm: type=<class 'torch.Tensor'>, shape=torch.Size([1, 4096, 5120])
Before input_layernorm: type=<class 'torch.Tensor'>, shape=torch.Size([1, 4096, 5120])
Before input_layernorm: type=<class 'torch.Tensor'>, shape=torch.Size([1, 4096, 5120])
Before input_layernorm: type=<class 'torch.Tensor'>, shape=torch.Size([1, 4096, 5120])
Before input_layernorm: type=<class 'torch.Tensor'>, shape=torch.Size([1, 4096, 5120])
Before input_layernorm: type=<class 'torch.Tensor'>, shape=torch.Size([1, 4096, 5120])
Before input_layernorm: type=<class 'torch.Tensor'>, shape=torch.Size([1, 4096, 5120])
Before input_layernorm: type=<class 'torch.Tensor'>, shape=torch.Size([1, 4096, 5120])
Before input_layernorm: type=<class 'torch.Tensor'>, shape=torch.Size([1, 4096, 5120])
Before input_layernorm: type=<class 'torch.Tensor'>, shape=torch.Size([1, 4096, 5120])
Before input_layernorm: type=<class 'torch.Tensor'>, shape=torch.Size([1, 4096, 5120])
Layer 3 restored:  67%|██████▋   | 20/30 [34:52<22:39, 135.91s/it]Before input_layernorm: type=<class 'torch.Tensor'>, shape=torch.Size([1, 4096, 5120])
Before input_layernorm: type=<class 'torch.Tensor'>, shape=torch.Size([1, 4096, 5120])
Before input_layernorm: type=<class 'torch.Tensor'>, shape=torch.Size([1, 4096, 5120])
Before input_layernorm: type=<class 'torch.Tensor'>, shape=torch.Size([1, 4096, 5120])
Before input_layernorm: type=<class 'torch.Tensor'>, shape=torch.Size([1, 4096, 5120])
Before input_layernorm: type=<class 'torch.Tensor'>, shape=torch.Size([1, 4096, 5120])
Before input_layernorm: type=<class 'torch.Tensor'>, shape=torch.Size([1, 4096, 5120])
Before input_layernorm: type=<class 'torch.Tensor'>, shape=torch.Size([1, 4096, 5120])
Before input_layernorm: type=<class 'torch.Tensor'>, shape=torch.Size([1, 4096, 5120])
Before input_layernorm: type=<class 'torch.Tensor'>, shape=torch.Size([1, 4096, 5120])
Before input_layernorm: type=<class 'torch.Tensor'>, shape=torch.Size([1, 4096, 5120])
Before input_layernorm: type=<class 'torch.Tensor'>, shape=torch.Size([1, 4096, 5120])
Before input_layernorm: type=<class 'torch.Tensor'>, shape=torch.Size([1, 4096, 5120])
Before input_layernorm: type=<class 'torch.Tensor'>, shape=torch.Size([1, 4096, 5120])
Before input_layernorm: type=<class 'torch.Tensor'>, shape=torch.Size([1, 4096, 5120])
Before input_layernorm: type=<class 'torch.Tensor'>, shape=torch.Size([1, 4096, 5120])
Before input_layernorm: type=<class 'torch.Tensor'>, shape=torch.Size([1, 4096, 5120])
Before input_layernorm: type=<class 'torch.Tensor'>, shape=torch.Size([1, 4096, 5120])
Before input_layernorm: type=<class 'torch.Tensor'>, shape=torch.Size([1, 4096, 5120])
Before input_layernorm: type=<class 'torch.Tensor'>, shape=torch.Size([1, 4096, 5120])
Before input_layernorm: type=<class 'torch.Tensor'>, shape=torch.Size([1, 4096, 5120])
Before input_layernorm: type=<class 'torch.Tensor'>, shape=torch.Size([1, 4096, 5120])
Before input_layernorm: type=<class 'torch.Tensor'>, shape=torch.Size([1, 4096, 5120])
Before input_layernorm: type=<class 'torch.Tensor'>, shape=torch.Size([1, 4096, 5120])
Before input_layernorm: type=<class 'torch.Tensor'>, shape=torch.Size([1, 4096, 5120])
Before input_layernorm: type=<class 'torch.Tensor'>, shape=torch.Size([1, 4096, 5120])
Before input_layernorm: type=<class 'torch.Tensor'>, shape=torch.Size([1, 4096, 5120])
Before input_layernorm: type=<class 'torch.Tensor'>, shape=torch.Size([1, 4096, 5120])
Before input_layernorm: type=<class 'torch.Tensor'>, shape=torch.Size([1, 4096, 5120])
Before input_layernorm: type=<class 'torch.Tensor'>, shape=torch.Size([1, 4096, 5120])
Before input_layernorm: type=<class 'torch.Tensor'>, shape=torch.Size([1, 4096, 5120])
Before input_layernorm: type=<class 'torch.Tensor'>, shape=torch.Size([1, 4096, 5120])
Before input_layernorm: type=<class 'torch.Tensor'>, shape=torch.Size([1, 4096, 5120])
Before input_layernorm: type=<class 'torch.Tensor'>, shape=torch.Size([1, 4096, 5120])
Before input_layernorm: type=<class 'torch.Tensor'>, shape=torch.Size([1, 4096, 5120])
Before input_layernorm: type=<class 'torch.Tensor'>, shape=torch.Size([1, 4096, 5120])
Before input_layernorm: type=<class 'torch.Tensor'>, shape=torch.Size([1, 4096, 5120])
Before input_layernorm: type=<class 'torch.Tensor'>, shape=torch.Size([1, 4096, 5120])
Before input_layernorm: type=<class 'torch.Tensor'>, shape=torch.Size([1, 4096, 5120])
Before input_layernorm: type=<class 'torch.Tensor'>, shape=torch.Size([1, 4096, 5120])
Layer 3 restored:  70%|███████   | 21/30 [37:15<20:41, 137.91s/it]Before input_layernorm: type=<class 'torch.Tensor'>, shape=torch.Size([1, 4096, 5120])
Before input_layernorm: type=<class 'torch.Tensor'>, shape=torch.Size([1, 4096, 5120])
Before input_layernorm: type=<class 'torch.Tensor'>, shape=torch.Size([1, 4096, 5120])
Before input_layernorm: type=<class 'torch.Tensor'>, shape=torch.Size([1, 4096, 5120])
Before input_layernorm: type=<class 'torch.Tensor'>, shape=torch.Size([1, 4096, 5120])
Before input_layernorm: type=<class 'torch.Tensor'>, shape=torch.Size([1, 4096, 5120])
Before input_layernorm: type=<class 'torch.Tensor'>, shape=torch.Size([1, 4096, 5120])
Before input_layernorm: type=<class 'torch.Tensor'>, shape=torch.Size([1, 4096, 5120])
Before input_layernorm: type=<class 'torch.Tensor'>, shape=torch.Size([1, 4096, 5120])
Before input_layernorm: type=<class 'torch.Tensor'>, shape=torch.Size([1, 4096, 5120])
Before input_layernorm: type=<class 'torch.Tensor'>, shape=torch.Size([1, 4096, 5120])
Before input_layernorm: type=<class 'torch.Tensor'>, shape=torch.Size([1, 4096, 5120])
Before input_layernorm: type=<class 'torch.Tensor'>, shape=torch.Size([1, 4096, 5120])
Before input_layernorm: type=<class 'torch.Tensor'>, shape=torch.Size([1, 4096, 5120])
Before input_layernorm: type=<class 'torch.Tensor'>, shape=torch.Size([1, 4096, 5120])
Before input_layernorm: type=<class 'torch.Tensor'>, shape=torch.Size([1, 4096, 5120])
Before input_layernorm: type=<class 'torch.Tensor'>, shape=torch.Size([1, 4096, 5120])
Before input_layernorm: type=<class 'torch.Tensor'>, shape=torch.Size([1, 4096, 5120])
Before input_layernorm: type=<class 'torch.Tensor'>, shape=torch.Size([1, 4096, 5120])
Before input_layernorm: type=<class 'torch.Tensor'>, shape=torch.Size([1, 4096, 5120])
Before input_layernorm: type=<class 'torch.Tensor'>, shape=torch.Size([1, 4096, 5120])
Before input_layernorm: type=<class 'torch.Tensor'>, shape=torch.Size([1, 4096, 5120])
Before input_layernorm: type=<class 'torch.Tensor'>, shape=torch.Size([1, 4096, 5120])
Before input_layernorm: type=<class 'torch.Tensor'>, shape=torch.Size([1, 4096, 5120])
Before input_layernorm: type=<class 'torch.Tensor'>, shape=torch.Size([1, 4096, 5120])
Before input_layernorm: type=<class 'torch.Tensor'>, shape=torch.Size([1, 4096, 5120])
Before input_layernorm: type=<class 'torch.Tensor'>, shape=torch.Size([1, 4096, 5120])
Before input_layernorm: type=<class 'torch.Tensor'>, shape=torch.Size([1, 4096, 5120])
Before input_layernorm: type=<class 'torch.Tensor'>, shape=torch.Size([1, 4096, 5120])
Before input_layernorm: type=<class 'torch.Tensor'>, shape=torch.Size([1, 4096, 5120])
Before input_layernorm: type=<class 'torch.Tensor'>, shape=torch.Size([1, 4096, 5120])
Before input_layernorm: type=<class 'torch.Tensor'>, shape=torch.Size([1, 4096, 5120])
Before input_layernorm: type=<class 'torch.Tensor'>, shape=torch.Size([1, 4096, 5120])
Before input_layernorm: type=<class 'torch.Tensor'>, shape=torch.Size([1, 4096, 5120])
Before input_layernorm: type=<class 'torch.Tensor'>, shape=torch.Size([1, 4096, 5120])
Before input_layernorm: type=<class 'torch.Tensor'>, shape=torch.Size([1, 4096, 5120])
Before input_layernorm: type=<class 'torch.Tensor'>, shape=torch.Size([1, 4096, 5120])
Before input_layernorm: type=<class 'torch.Tensor'>, shape=torch.Size([1, 4096, 5120])
Before input_layernorm: type=<class 'torch.Tensor'>, shape=torch.Size([1, 4096, 5120])
Before input_layernorm: type=<class 'torch.Tensor'>, shape=torch.Size([1, 4096, 5120])
Layer 3 restored:  73%|███████▎  | 22/30 [39:34<18:26, 138.28s/it]Before input_layernorm: type=<class 'torch.Tensor'>, shape=torch.Size([1, 4096, 5120])
Before input_layernorm: type=<class 'torch.Tensor'>, shape=torch.Size([1, 4096, 5120])
Before input_layernorm: type=<class 'torch.Tensor'>, shape=torch.Size([1, 4096, 5120])
Before input_layernorm: type=<class 'torch.Tensor'>, shape=torch.Size([1, 4096, 5120])
Before input_layernorm: type=<class 'torch.Tensor'>, shape=torch.Size([1, 4096, 5120])
Before input_layernorm: type=<class 'torch.Tensor'>, shape=torch.Size([1, 4096, 5120])
Before input_layernorm: type=<class 'torch.Tensor'>, shape=torch.Size([1, 4096, 5120])
Before input_layernorm: type=<class 'torch.Tensor'>, shape=torch.Size([1, 4096, 5120])
Before input_layernorm: type=<class 'torch.Tensor'>, shape=torch.Size([1, 4096, 5120])
Before input_layernorm: type=<class 'torch.Tensor'>, shape=torch.Size([1, 4096, 5120])
Before input_layernorm: type=<class 'torch.Tensor'>, shape=torch.Size([1, 4096, 5120])
Before input_layernorm: type=<class 'torch.Tensor'>, shape=torch.Size([1, 4096, 5120])
Before input_layernorm: type=<class 'torch.Tensor'>, shape=torch.Size([1, 4096, 5120])
Before input_layernorm: type=<class 'torch.Tensor'>, shape=torch.Size([1, 4096, 5120])
Before input_layernorm: type=<class 'torch.Tensor'>, shape=torch.Size([1, 4096, 5120])
Before input_layernorm: type=<class 'torch.Tensor'>, shape=torch.Size([1, 4096, 5120])
Before input_layernorm: type=<class 'torch.Tensor'>, shape=torch.Size([1, 4096, 5120])
Before input_layernorm: type=<class 'torch.Tensor'>, shape=torch.Size([1, 4096, 5120])
Before input_layernorm: type=<class 'torch.Tensor'>, shape=torch.Size([1, 4096, 5120])
Before input_layernorm: type=<class 'torch.Tensor'>, shape=torch.Size([1, 4096, 5120])
Before input_layernorm: type=<class 'torch.Tensor'>, shape=torch.Size([1, 4096, 5120])
Before input_layernorm: type=<class 'torch.Tensor'>, shape=torch.Size([1, 4096, 5120])
Before input_layernorm: type=<class 'torch.Tensor'>, shape=torch.Size([1, 4096, 5120])
Before input_layernorm: type=<class 'torch.Tensor'>, shape=torch.Size([1, 4096, 5120])
Before input_layernorm: type=<class 'torch.Tensor'>, shape=torch.Size([1, 4096, 5120])
Before input_layernorm: type=<class 'torch.Tensor'>, shape=torch.Size([1, 4096, 5120])
Before input_layernorm: type=<class 'torch.Tensor'>, shape=torch.Size([1, 4096, 5120])
Before input_layernorm: type=<class 'torch.Tensor'>, shape=torch.Size([1, 4096, 5120])
Before input_layernorm: type=<class 'torch.Tensor'>, shape=torch.Size([1, 4096, 5120])
Before input_layernorm: type=<class 'torch.Tensor'>, shape=torch.Size([1, 4096, 5120])
Before input_layernorm: type=<class 'torch.Tensor'>, shape=torch.Size([1, 4096, 5120])
Before input_layernorm: type=<class 'torch.Tensor'>, shape=torch.Size([1, 4096, 5120])
Before input_layernorm: type=<class 'torch.Tensor'>, shape=torch.Size([1, 4096, 5120])
Before input_layernorm: type=<class 'torch.Tensor'>, shape=torch.Size([1, 4096, 5120])
Before input_layernorm: type=<class 'torch.Tensor'>, shape=torch.Size([1, 4096, 5120])
Before input_layernorm: type=<class 'torch.Tensor'>, shape=torch.Size([1, 4096, 5120])
Before input_layernorm: type=<class 'torch.Tensor'>, shape=torch.Size([1, 4096, 5120])
Before input_layernorm: type=<class 'torch.Tensor'>, shape=torch.Size([1, 4096, 5120])
Before input_layernorm: type=<class 'torch.Tensor'>, shape=torch.Size([1, 4096, 5120])
Before input_layernorm: type=<class 'torch.Tensor'>, shape=torch.Size([1, 4096, 5120])
Layer 3 restored:  77%|███████▋  | 23/30 [41:52<16:06, 138.12s/it]Before input_layernorm: type=<class 'torch.Tensor'>, shape=torch.Size([1, 4096, 5120])
Before input_layernorm: type=<class 'torch.Tensor'>, shape=torch.Size([1, 4096, 5120])
Before input_layernorm: type=<class 'torch.Tensor'>, shape=torch.Size([1, 4096, 5120])
Before input_layernorm: type=<class 'torch.Tensor'>, shape=torch.Size([1, 4096, 5120])
Before input_layernorm: type=<class 'torch.Tensor'>, shape=torch.Size([1, 4096, 5120])
Before input_layernorm: type=<class 'torch.Tensor'>, shape=torch.Size([1, 4096, 5120])
Before input_layernorm: type=<class 'torch.Tensor'>, shape=torch.Size([1, 4096, 5120])
Before input_layernorm: type=<class 'torch.Tensor'>, shape=torch.Size([1, 4096, 5120])
Before input_layernorm: type=<class 'torch.Tensor'>, shape=torch.Size([1, 4096, 5120])
Before input_layernorm: type=<class 'torch.Tensor'>, shape=torch.Size([1, 4096, 5120])
Before input_layernorm: type=<class 'torch.Tensor'>, shape=torch.Size([1, 4096, 5120])
Before input_layernorm: type=<class 'torch.Tensor'>, shape=torch.Size([1, 4096, 5120])
Before input_layernorm: type=<class 'torch.Tensor'>, shape=torch.Size([1, 4096, 5120])
Before input_layernorm: type=<class 'torch.Tensor'>, shape=torch.Size([1, 4096, 5120])
Before input_layernorm: type=<class 'torch.Tensor'>, shape=torch.Size([1, 4096, 5120])
Before input_layernorm: type=<class 'torch.Tensor'>, shape=torch.Size([1, 4096, 5120])
Before input_layernorm: type=<class 'torch.Tensor'>, shape=torch.Size([1, 4096, 5120])
Before input_layernorm: type=<class 'torch.Tensor'>, shape=torch.Size([1, 4096, 5120])
Before input_layernorm: type=<class 'torch.Tensor'>, shape=torch.Size([1, 4096, 5120])
Before input_layernorm: type=<class 'torch.Tensor'>, shape=torch.Size([1, 4096, 5120])
Before input_layernorm: type=<class 'torch.Tensor'>, shape=torch.Size([1, 4096, 5120])
Before input_layernorm: type=<class 'torch.Tensor'>, shape=torch.Size([1, 4096, 5120])
Before input_layernorm: type=<class 'torch.Tensor'>, shape=torch.Size([1, 4096, 5120])
Before input_layernorm: type=<class 'torch.Tensor'>, shape=torch.Size([1, 4096, 5120])
Before input_layernorm: type=<class 'torch.Tensor'>, shape=torch.Size([1, 4096, 5120])
Before input_layernorm: type=<class 'torch.Tensor'>, shape=torch.Size([1, 4096, 5120])
Before input_layernorm: type=<class 'torch.Tensor'>, shape=torch.Size([1, 4096, 5120])
Before input_layernorm: type=<class 'torch.Tensor'>, shape=torch.Size([1, 4096, 5120])
Before input_layernorm: type=<class 'torch.Tensor'>, shape=torch.Size([1, 4096, 5120])
Before input_layernorm: type=<class 'torch.Tensor'>, shape=torch.Size([1, 4096, 5120])
Before input_layernorm: type=<class 'torch.Tensor'>, shape=torch.Size([1, 4096, 5120])
Before input_layernorm: type=<class 'torch.Tensor'>, shape=torch.Size([1, 4096, 5120])
Before input_layernorm: type=<class 'torch.Tensor'>, shape=torch.Size([1, 4096, 5120])
Before input_layernorm: type=<class 'torch.Tensor'>, shape=torch.Size([1, 4096, 5120])
Before input_layernorm: type=<class 'torch.Tensor'>, shape=torch.Size([1, 4096, 5120])
Before input_layernorm: type=<class 'torch.Tensor'>, shape=torch.Size([1, 4096, 5120])
Before input_layernorm: type=<class 'torch.Tensor'>, shape=torch.Size([1, 4096, 5120])
Before input_layernorm: type=<class 'torch.Tensor'>, shape=torch.Size([1, 4096, 5120])
Before input_layernorm: type=<class 'torch.Tensor'>, shape=torch.Size([1, 4096, 5120])
Before input_layernorm: type=<class 'torch.Tensor'>, shape=torch.Size([1, 4096, 5120])
Layer 3 restored:  80%|████████  | 24/30 [44:13<13:53, 138.93s/it]Before input_layernorm: type=<class 'torch.Tensor'>, shape=torch.Size([1, 4096, 5120])
Before input_layernorm: type=<class 'torch.Tensor'>, shape=torch.Size([1, 4096, 5120])
Before input_layernorm: type=<class 'torch.Tensor'>, shape=torch.Size([1, 4096, 5120])
Before input_layernorm: type=<class 'torch.Tensor'>, shape=torch.Size([1, 4096, 5120])
Before input_layernorm: type=<class 'torch.Tensor'>, shape=torch.Size([1, 4096, 5120])
Before input_layernorm: type=<class 'torch.Tensor'>, shape=torch.Size([1, 4096, 5120])
Before input_layernorm: type=<class 'torch.Tensor'>, shape=torch.Size([1, 4096, 5120])
Before input_layernorm: type=<class 'torch.Tensor'>, shape=torch.Size([1, 4096, 5120])
Before input_layernorm: type=<class 'torch.Tensor'>, shape=torch.Size([1, 4096, 5120])
Before input_layernorm: type=<class 'torch.Tensor'>, shape=torch.Size([1, 4096, 5120])
Before input_layernorm: type=<class 'torch.Tensor'>, shape=torch.Size([1, 4096, 5120])
Before input_layernorm: type=<class 'torch.Tensor'>, shape=torch.Size([1, 4096, 5120])
Before input_layernorm: type=<class 'torch.Tensor'>, shape=torch.Size([1, 4096, 5120])
Before input_layernorm: type=<class 'torch.Tensor'>, shape=torch.Size([1, 4096, 5120])
Before input_layernorm: type=<class 'torch.Tensor'>, shape=torch.Size([1, 4096, 5120])
Before input_layernorm: type=<class 'torch.Tensor'>, shape=torch.Size([1, 4096, 5120])
Before input_layernorm: type=<class 'torch.Tensor'>, shape=torch.Size([1, 4096, 5120])
Before input_layernorm: type=<class 'torch.Tensor'>, shape=torch.Size([1, 4096, 5120])
Before input_layernorm: type=<class 'torch.Tensor'>, shape=torch.Size([1, 4096, 5120])
Before input_layernorm: type=<class 'torch.Tensor'>, shape=torch.Size([1, 4096, 5120])
Before input_layernorm: type=<class 'torch.Tensor'>, shape=torch.Size([1, 4096, 5120])
Before input_layernorm: type=<class 'torch.Tensor'>, shape=torch.Size([1, 4096, 5120])
Before input_layernorm: type=<class 'torch.Tensor'>, shape=torch.Size([1, 4096, 5120])
Before input_layernorm: type=<class 'torch.Tensor'>, shape=torch.Size([1, 4096, 5120])
Before input_layernorm: type=<class 'torch.Tensor'>, shape=torch.Size([1, 4096, 5120])
Before input_layernorm: type=<class 'torch.Tensor'>, shape=torch.Size([1, 4096, 5120])
Before input_layernorm: type=<class 'torch.Tensor'>, shape=torch.Size([1, 4096, 5120])
Before input_layernorm: type=<class 'torch.Tensor'>, shape=torch.Size([1, 4096, 5120])
Before input_layernorm: type=<class 'torch.Tensor'>, shape=torch.Size([1, 4096, 5120])
Before input_layernorm: type=<class 'torch.Tensor'>, shape=torch.Size([1, 4096, 5120])
Before input_layernorm: type=<class 'torch.Tensor'>, shape=torch.Size([1, 4096, 5120])
Before input_layernorm: type=<class 'torch.Tensor'>, shape=torch.Size([1, 4096, 5120])
Before input_layernorm: type=<class 'torch.Tensor'>, shape=torch.Size([1, 4096, 5120])
Before input_layernorm: type=<class 'torch.Tensor'>, shape=torch.Size([1, 4096, 5120])
Before input_layernorm: type=<class 'torch.Tensor'>, shape=torch.Size([1, 4096, 5120])
Before input_layernorm: type=<class 'torch.Tensor'>, shape=torch.Size([1, 4096, 5120])
Before input_layernorm: type=<class 'torch.Tensor'>, shape=torch.Size([1, 4096, 5120])
Before input_layernorm: type=<class 'torch.Tensor'>, shape=torch.Size([1, 4096, 5120])
Before input_layernorm: type=<class 'torch.Tensor'>, shape=torch.Size([1, 4096, 5120])
Before input_layernorm: type=<class 'torch.Tensor'>, shape=torch.Size([1, 4096, 5120])
Layer 3 restored:  83%|████████▎ | 25/30 [46:31<11:33, 138.70s/it]Before input_layernorm: type=<class 'torch.Tensor'>, shape=torch.Size([1, 4096, 5120])
Before input_layernorm: type=<class 'torch.Tensor'>, shape=torch.Size([1, 4096, 5120])
Before input_layernorm: type=<class 'torch.Tensor'>, shape=torch.Size([1, 4096, 5120])
Before input_layernorm: type=<class 'torch.Tensor'>, shape=torch.Size([1, 4096, 5120])
Before input_layernorm: type=<class 'torch.Tensor'>, shape=torch.Size([1, 4096, 5120])
Before input_layernorm: type=<class 'torch.Tensor'>, shape=torch.Size([1, 4096, 5120])
Before input_layernorm: type=<class 'torch.Tensor'>, shape=torch.Size([1, 4096, 5120])
Before input_layernorm: type=<class 'torch.Tensor'>, shape=torch.Size([1, 4096, 5120])
Before input_layernorm: type=<class 'torch.Tensor'>, shape=torch.Size([1, 4096, 5120])
Before input_layernorm: type=<class 'torch.Tensor'>, shape=torch.Size([1, 4096, 5120])
Before input_layernorm: type=<class 'torch.Tensor'>, shape=torch.Size([1, 4096, 5120])
Before input_layernorm: type=<class 'torch.Tensor'>, shape=torch.Size([1, 4096, 5120])
Before input_layernorm: type=<class 'torch.Tensor'>, shape=torch.Size([1, 4096, 5120])
Before input_layernorm: type=<class 'torch.Tensor'>, shape=torch.Size([1, 4096, 5120])
Before input_layernorm: type=<class 'torch.Tensor'>, shape=torch.Size([1, 4096, 5120])
Before input_layernorm: type=<class 'torch.Tensor'>, shape=torch.Size([1, 4096, 5120])
Before input_layernorm: type=<class 'torch.Tensor'>, shape=torch.Size([1, 4096, 5120])
Before input_layernorm: type=<class 'torch.Tensor'>, shape=torch.Size([1, 4096, 5120])
Before input_layernorm: type=<class 'torch.Tensor'>, shape=torch.Size([1, 4096, 5120])
Before input_layernorm: type=<class 'torch.Tensor'>, shape=torch.Size([1, 4096, 5120])
Before input_layernorm: type=<class 'torch.Tensor'>, shape=torch.Size([1, 4096, 5120])
Before input_layernorm: type=<class 'torch.Tensor'>, shape=torch.Size([1, 4096, 5120])
Before input_layernorm: type=<class 'torch.Tensor'>, shape=torch.Size([1, 4096, 5120])
Before input_layernorm: type=<class 'torch.Tensor'>, shape=torch.Size([1, 4096, 5120])
Before input_layernorm: type=<class 'torch.Tensor'>, shape=torch.Size([1, 4096, 5120])
Before input_layernorm: type=<class 'torch.Tensor'>, shape=torch.Size([1, 4096, 5120])
Before input_layernorm: type=<class 'torch.Tensor'>, shape=torch.Size([1, 4096, 5120])
Before input_layernorm: type=<class 'torch.Tensor'>, shape=torch.Size([1, 4096, 5120])
Before input_layernorm: type=<class 'torch.Tensor'>, shape=torch.Size([1, 4096, 5120])
Before input_layernorm: type=<class 'torch.Tensor'>, shape=torch.Size([1, 4096, 5120])
Before input_layernorm: type=<class 'torch.Tensor'>, shape=torch.Size([1, 4096, 5120])
Before input_layernorm: type=<class 'torch.Tensor'>, shape=torch.Size([1, 4096, 5120])
Before input_layernorm: type=<class 'torch.Tensor'>, shape=torch.Size([1, 4096, 5120])
Before input_layernorm: type=<class 'torch.Tensor'>, shape=torch.Size([1, 4096, 5120])
Before input_layernorm: type=<class 'torch.Tensor'>, shape=torch.Size([1, 4096, 5120])
Before input_layernorm: type=<class 'torch.Tensor'>, shape=torch.Size([1, 4096, 5120])
Before input_layernorm: type=<class 'torch.Tensor'>, shape=torch.Size([1, 4096, 5120])
Before input_layernorm: type=<class 'torch.Tensor'>, shape=torch.Size([1, 4096, 5120])
Before input_layernorm: type=<class 'torch.Tensor'>, shape=torch.Size([1, 4096, 5120])
Before input_layernorm: type=<class 'torch.Tensor'>, shape=torch.Size([1, 4096, 5120])
Layer 3 restored:  87%|████████▋ | 26/30 [48:35<08:57, 134.46s/it]Before input_layernorm: type=<class 'torch.Tensor'>, shape=torch.Size([1, 4096, 5120])
Before input_layernorm: type=<class 'torch.Tensor'>, shape=torch.Size([1, 4096, 5120])
Before input_layernorm: type=<class 'torch.Tensor'>, shape=torch.Size([1, 4096, 5120])
Before input_layernorm: type=<class 'torch.Tensor'>, shape=torch.Size([1, 4096, 5120])
Before input_layernorm: type=<class 'torch.Tensor'>, shape=torch.Size([1, 4096, 5120])
Before input_layernorm: type=<class 'torch.Tensor'>, shape=torch.Size([1, 4096, 5120])
Before input_layernorm: type=<class 'torch.Tensor'>, shape=torch.Size([1, 4096, 5120])
Before input_layernorm: type=<class 'torch.Tensor'>, shape=torch.Size([1, 4096, 5120])
Before input_layernorm: type=<class 'torch.Tensor'>, shape=torch.Size([1, 4096, 5120])
Before input_layernorm: type=<class 'torch.Tensor'>, shape=torch.Size([1, 4096, 5120])
Before input_layernorm: type=<class 'torch.Tensor'>, shape=torch.Size([1, 4096, 5120])
Before input_layernorm: type=<class 'torch.Tensor'>, shape=torch.Size([1, 4096, 5120])
Before input_layernorm: type=<class 'torch.Tensor'>, shape=torch.Size([1, 4096, 5120])
Before input_layernorm: type=<class 'torch.Tensor'>, shape=torch.Size([1, 4096, 5120])
Before input_layernorm: type=<class 'torch.Tensor'>, shape=torch.Size([1, 4096, 5120])
Before input_layernorm: type=<class 'torch.Tensor'>, shape=torch.Size([1, 4096, 5120])
Before input_layernorm: type=<class 'torch.Tensor'>, shape=torch.Size([1, 4096, 5120])
Before input_layernorm: type=<class 'torch.Tensor'>, shape=torch.Size([1, 4096, 5120])
Before input_layernorm: type=<class 'torch.Tensor'>, shape=torch.Size([1, 4096, 5120])
Before input_layernorm: type=<class 'torch.Tensor'>, shape=torch.Size([1, 4096, 5120])
Before input_layernorm: type=<class 'torch.Tensor'>, shape=torch.Size([1, 4096, 5120])
Before input_layernorm: type=<class 'torch.Tensor'>, shape=torch.Size([1, 4096, 5120])
Before input_layernorm: type=<class 'torch.Tensor'>, shape=torch.Size([1, 4096, 5120])
Before input_layernorm: type=<class 'torch.Tensor'>, shape=torch.Size([1, 4096, 5120])
Before input_layernorm: type=<class 'torch.Tensor'>, shape=torch.Size([1, 4096, 5120])
Before input_layernorm: type=<class 'torch.Tensor'>, shape=torch.Size([1, 4096, 5120])
Before input_layernorm: type=<class 'torch.Tensor'>, shape=torch.Size([1, 4096, 5120])
Before input_layernorm: type=<class 'torch.Tensor'>, shape=torch.Size([1, 4096, 5120])
Before input_layernorm: type=<class 'torch.Tensor'>, shape=torch.Size([1, 4096, 5120])
Before input_layernorm: type=<class 'torch.Tensor'>, shape=torch.Size([1, 4096, 5120])
Before input_layernorm: type=<class 'torch.Tensor'>, shape=torch.Size([1, 4096, 5120])
Before input_layernorm: type=<class 'torch.Tensor'>, shape=torch.Size([1, 4096, 5120])
Before input_layernorm: type=<class 'torch.Tensor'>, shape=torch.Size([1, 4096, 5120])
Before input_layernorm: type=<class 'torch.Tensor'>, shape=torch.Size([1, 4096, 5120])
Before input_layernorm: type=<class 'torch.Tensor'>, shape=torch.Size([1, 4096, 5120])
Before input_layernorm: type=<class 'torch.Tensor'>, shape=torch.Size([1, 4096, 5120])
Before input_layernorm: type=<class 'torch.Tensor'>, shape=torch.Size([1, 4096, 5120])
Before input_layernorm: type=<class 'torch.Tensor'>, shape=torch.Size([1, 4096, 5120])
Before input_layernorm: type=<class 'torch.Tensor'>, shape=torch.Size([1, 4096, 5120])
Before input_layernorm: type=<class 'torch.Tensor'>, shape=torch.Size([1, 4096, 5120])
Layer 3 restored:  90%|█████████ | 27/30 [50:54<06:47, 135.67s/it]Before input_layernorm: type=<class 'torch.Tensor'>, shape=torch.Size([1, 4096, 5120])
Before input_layernorm: type=<class 'torch.Tensor'>, shape=torch.Size([1, 4096, 5120])
Before input_layernorm: type=<class 'torch.Tensor'>, shape=torch.Size([1, 4096, 5120])
Before input_layernorm: type=<class 'torch.Tensor'>, shape=torch.Size([1, 4096, 5120])
Before input_layernorm: type=<class 'torch.Tensor'>, shape=torch.Size([1, 4096, 5120])
Before input_layernorm: type=<class 'torch.Tensor'>, shape=torch.Size([1, 4096, 5120])
Before input_layernorm: type=<class 'torch.Tensor'>, shape=torch.Size([1, 4096, 5120])
Before input_layernorm: type=<class 'torch.Tensor'>, shape=torch.Size([1, 4096, 5120])
Before input_layernorm: type=<class 'torch.Tensor'>, shape=torch.Size([1, 4096, 5120])
Before input_layernorm: type=<class 'torch.Tensor'>, shape=torch.Size([1, 4096, 5120])
Before input_layernorm: type=<class 'torch.Tensor'>, shape=torch.Size([1, 4096, 5120])
Before input_layernorm: type=<class 'torch.Tensor'>, shape=torch.Size([1, 4096, 5120])
Before input_layernorm: type=<class 'torch.Tensor'>, shape=torch.Size([1, 4096, 5120])
Before input_layernorm: type=<class 'torch.Tensor'>, shape=torch.Size([1, 4096, 5120])
Before input_layernorm: type=<class 'torch.Tensor'>, shape=torch.Size([1, 4096, 5120])
Before input_layernorm: type=<class 'torch.Tensor'>, shape=torch.Size([1, 4096, 5120])
Before input_layernorm: type=<class 'torch.Tensor'>, shape=torch.Size([1, 4096, 5120])
Before input_layernorm: type=<class 'torch.Tensor'>, shape=torch.Size([1, 4096, 5120])
Before input_layernorm: type=<class 'torch.Tensor'>, shape=torch.Size([1, 4096, 5120])
Before input_layernorm: type=<class 'torch.Tensor'>, shape=torch.Size([1, 4096, 5120])
Before input_layernorm: type=<class 'torch.Tensor'>, shape=torch.Size([1, 4096, 5120])
Before input_layernorm: type=<class 'torch.Tensor'>, shape=torch.Size([1, 4096, 5120])
Before input_layernorm: type=<class 'torch.Tensor'>, shape=torch.Size([1, 4096, 5120])
Before input_layernorm: type=<class 'torch.Tensor'>, shape=torch.Size([1, 4096, 5120])
Before input_layernorm: type=<class 'torch.Tensor'>, shape=torch.Size([1, 4096, 5120])
Before input_layernorm: type=<class 'torch.Tensor'>, shape=torch.Size([1, 4096, 5120])
Before input_layernorm: type=<class 'torch.Tensor'>, shape=torch.Size([1, 4096, 5120])
Before input_layernorm: type=<class 'torch.Tensor'>, shape=torch.Size([1, 4096, 5120])
Before input_layernorm: type=<class 'torch.Tensor'>, shape=torch.Size([1, 4096, 5120])
Before input_layernorm: type=<class 'torch.Tensor'>, shape=torch.Size([1, 4096, 5120])
Before input_layernorm: type=<class 'torch.Tensor'>, shape=torch.Size([1, 4096, 5120])
Before input_layernorm: type=<class 'torch.Tensor'>, shape=torch.Size([1, 4096, 5120])
Before input_layernorm: type=<class 'torch.Tensor'>, shape=torch.Size([1, 4096, 5120])
Before input_layernorm: type=<class 'torch.Tensor'>, shape=torch.Size([1, 4096, 5120])
Before input_layernorm: type=<class 'torch.Tensor'>, shape=torch.Size([1, 4096, 5120])
Before input_layernorm: type=<class 'torch.Tensor'>, shape=torch.Size([1, 4096, 5120])
Before input_layernorm: type=<class 'torch.Tensor'>, shape=torch.Size([1, 4096, 5120])
Before input_layernorm: type=<class 'torch.Tensor'>, shape=torch.Size([1, 4096, 5120])
Before input_layernorm: type=<class 'torch.Tensor'>, shape=torch.Size([1, 4096, 5120])
Before input_layernorm: type=<class 'torch.Tensor'>, shape=torch.Size([1, 4096, 5120])
Layer 3 restored:  93%|█████████▎| 28/30 [53:14<04:34, 137.01s/it]Before input_layernorm: type=<class 'torch.Tensor'>, shape=torch.Size([1, 4096, 5120])
Before input_layernorm: type=<class 'torch.Tensor'>, shape=torch.Size([1, 4096, 5120])
Before input_layernorm: type=<class 'torch.Tensor'>, shape=torch.Size([1, 4096, 5120])
Before input_layernorm: type=<class 'torch.Tensor'>, shape=torch.Size([1, 4096, 5120])
Before input_layernorm: type=<class 'torch.Tensor'>, shape=torch.Size([1, 4096, 5120])
Before input_layernorm: type=<class 'torch.Tensor'>, shape=torch.Size([1, 4096, 5120])
Before input_layernorm: type=<class 'torch.Tensor'>, shape=torch.Size([1, 4096, 5120])
Before input_layernorm: type=<class 'torch.Tensor'>, shape=torch.Size([1, 4096, 5120])
Before input_layernorm: type=<class 'torch.Tensor'>, shape=torch.Size([1, 4096, 5120])
Before input_layernorm: type=<class 'torch.Tensor'>, shape=torch.Size([1, 4096, 5120])
Before input_layernorm: type=<class 'torch.Tensor'>, shape=torch.Size([1, 4096, 5120])
Before input_layernorm: type=<class 'torch.Tensor'>, shape=torch.Size([1, 4096, 5120])
Before input_layernorm: type=<class 'torch.Tensor'>, shape=torch.Size([1, 4096, 5120])
Before input_layernorm: type=<class 'torch.Tensor'>, shape=torch.Size([1, 4096, 5120])
Before input_layernorm: type=<class 'torch.Tensor'>, shape=torch.Size([1, 4096, 5120])
Before input_layernorm: type=<class 'torch.Tensor'>, shape=torch.Size([1, 4096, 5120])
Before input_layernorm: type=<class 'torch.Tensor'>, shape=torch.Size([1, 4096, 5120])
Before input_layernorm: type=<class 'torch.Tensor'>, shape=torch.Size([1, 4096, 5120])
Before input_layernorm: type=<class 'torch.Tensor'>, shape=torch.Size([1, 4096, 5120])
Before input_layernorm: type=<class 'torch.Tensor'>, shape=torch.Size([1, 4096, 5120])
Before input_layernorm: type=<class 'torch.Tensor'>, shape=torch.Size([1, 4096, 5120])
Before input_layernorm: type=<class 'torch.Tensor'>, shape=torch.Size([1, 4096, 5120])
Before input_layernorm: type=<class 'torch.Tensor'>, shape=torch.Size([1, 4096, 5120])
Before input_layernorm: type=<class 'torch.Tensor'>, shape=torch.Size([1, 4096, 5120])
Before input_layernorm: type=<class 'torch.Tensor'>, shape=torch.Size([1, 4096, 5120])
Before input_layernorm: type=<class 'torch.Tensor'>, shape=torch.Size([1, 4096, 5120])
Before input_layernorm: type=<class 'torch.Tensor'>, shape=torch.Size([1, 4096, 5120])
Before input_layernorm: type=<class 'torch.Tensor'>, shape=torch.Size([1, 4096, 5120])
Before input_layernorm: type=<class 'torch.Tensor'>, shape=torch.Size([1, 4096, 5120])
Before input_layernorm: type=<class 'torch.Tensor'>, shape=torch.Size([1, 4096, 5120])
Before input_layernorm: type=<class 'torch.Tensor'>, shape=torch.Size([1, 4096, 5120])
Before input_layernorm: type=<class 'torch.Tensor'>, shape=torch.Size([1, 4096, 5120])
Before input_layernorm: type=<class 'torch.Tensor'>, shape=torch.Size([1, 4096, 5120])
Before input_layernorm: type=<class 'torch.Tensor'>, shape=torch.Size([1, 4096, 5120])
Before input_layernorm: type=<class 'torch.Tensor'>, shape=torch.Size([1, 4096, 5120])
Before input_layernorm: type=<class 'torch.Tensor'>, shape=torch.Size([1, 4096, 5120])
Before input_layernorm: type=<class 'torch.Tensor'>, shape=torch.Size([1, 4096, 5120])
Before input_layernorm: type=<class 'torch.Tensor'>, shape=torch.Size([1, 4096, 5120])
Before input_layernorm: type=<class 'torch.Tensor'>, shape=torch.Size([1, 4096, 5120])
Before input_layernorm: type=<class 'torch.Tensor'>, shape=torch.Size([1, 4096, 5120])
Layer 3 restored:  97%|█████████▋| 29/30 [55:33<02:17, 137.62s/it]Before input_layernorm: type=<class 'torch.Tensor'>, shape=torch.Size([1, 4096, 5120])
Before input_layernorm: type=<class 'torch.Tensor'>, shape=torch.Size([1, 4096, 5120])
Before input_layernorm: type=<class 'torch.Tensor'>, shape=torch.Size([1, 4096, 5120])
Before input_layernorm: type=<class 'torch.Tensor'>, shape=torch.Size([1, 4096, 5120])
Before input_layernorm: type=<class 'torch.Tensor'>, shape=torch.Size([1, 4096, 5120])
Before input_layernorm: type=<class 'torch.Tensor'>, shape=torch.Size([1, 4096, 5120])
Before input_layernorm: type=<class 'torch.Tensor'>, shape=torch.Size([1, 4096, 5120])
Before input_layernorm: type=<class 'torch.Tensor'>, shape=torch.Size([1, 4096, 5120])
Before input_layernorm: type=<class 'torch.Tensor'>, shape=torch.Size([1, 4096, 5120])
Before input_layernorm: type=<class 'torch.Tensor'>, shape=torch.Size([1, 4096, 5120])
Before input_layernorm: type=<class 'torch.Tensor'>, shape=torch.Size([1, 4096, 5120])
Before input_layernorm: type=<class 'torch.Tensor'>, shape=torch.Size([1, 4096, 5120])
Before input_layernorm: type=<class 'torch.Tensor'>, shape=torch.Size([1, 4096, 5120])
Before input_layernorm: type=<class 'torch.Tensor'>, shape=torch.Size([1, 4096, 5120])
Before input_layernorm: type=<class 'torch.Tensor'>, shape=torch.Size([1, 4096, 5120])
Before input_layernorm: type=<class 'torch.Tensor'>, shape=torch.Size([1, 4096, 5120])
Before input_layernorm: type=<class 'torch.Tensor'>, shape=torch.Size([1, 4096, 5120])
Before input_layernorm: type=<class 'torch.Tensor'>, shape=torch.Size([1, 4096, 5120])
Before input_layernorm: type=<class 'torch.Tensor'>, shape=torch.Size([1, 4096, 5120])
Before input_layernorm: type=<class 'torch.Tensor'>, shape=torch.Size([1, 4096, 5120])
Before input_layernorm: type=<class 'torch.Tensor'>, shape=torch.Size([1, 4096, 5120])
Before input_layernorm: type=<class 'torch.Tensor'>, shape=torch.Size([1, 4096, 5120])
Before input_layernorm: type=<class 'torch.Tensor'>, shape=torch.Size([1, 4096, 5120])
Before input_layernorm: type=<class 'torch.Tensor'>, shape=torch.Size([1, 4096, 5120])
Before input_layernorm: type=<class 'torch.Tensor'>, shape=torch.Size([1, 4096, 5120])
Before input_layernorm: type=<class 'torch.Tensor'>, shape=torch.Size([1, 4096, 5120])
Before input_layernorm: type=<class 'torch.Tensor'>, shape=torch.Size([1, 4096, 5120])
Before input_layernorm: type=<class 'torch.Tensor'>, shape=torch.Size([1, 4096, 5120])
Before input_layernorm: type=<class 'torch.Tensor'>, shape=torch.Size([1, 4096, 5120])
Before input_layernorm: type=<class 'torch.Tensor'>, shape=torch.Size([1, 4096, 5120])
Before input_layernorm: type=<class 'torch.Tensor'>, shape=torch.Size([1, 4096, 5120])
Before input_layernorm: type=<class 'torch.Tensor'>, shape=torch.Size([1, 4096, 5120])
Before input_layernorm: type=<class 'torch.Tensor'>, shape=torch.Size([1, 4096, 5120])
Before input_layernorm: type=<class 'torch.Tensor'>, shape=torch.Size([1, 4096, 5120])
Before input_layernorm: type=<class 'torch.Tensor'>, shape=torch.Size([1, 4096, 5120])
Before input_layernorm: type=<class 'torch.Tensor'>, shape=torch.Size([1, 4096, 5120])
Before input_layernorm: type=<class 'torch.Tensor'>, shape=torch.Size([1, 4096, 5120])
Before input_layernorm: type=<class 'torch.Tensor'>, shape=torch.Size([1, 4096, 5120])
Before input_layernorm: type=<class 'torch.Tensor'>, shape=torch.Size([1, 4096, 5120])
Before input_layernorm: type=<class 'torch.Tensor'>, shape=torch.Size([1, 4096, 5120])
Layer 3 restored: 100%|██████████| 30/30 [57:59<00:00, 140.04s/it]Layer 3 restored: 100%|██████████| 30/30 [57:59<00:00, 115.98s/it]

Layer 3 restored - Key metrics:
  Layer 3: Top1=18.42 (Recovery: -0.3%)
  Layer 10: Top1=13.19 (Recovery: -3.5%)
  Layer 20: Top1=12.44 (Recovery: -3.6%)
  Layer 30: Top1=37.72 (Recovery: -2.4%)
  Layer 37: Top1=46.86 (Recovery: -3.3%)

================================================================================
Testing Layer 4 (restoring its attention heads)
================================================================================
loading model llama2_13b
Loading checkpoint shards:   0%|          | 0/3 [00:00<?, ?it/s]Loading checkpoint shards:  33%|███▎      | 1/3 [00:02<00:04,  2.44s/it]Loading checkpoint shards:  67%|██████▋   | 2/3 [00:04<00:02,  2.21s/it]Loading checkpoint shards: 100%|██████████| 3/3 [00:04<00:00,  1.51s/it]
Some parameters are on the meta device because they were offloaded to the cpu.
Failed to load RedPajama dataset (Dataset 'togethercomputer/RedPajama-Data-1T-Sample' doesn't exist on the Hub or cannot be accessed.), using wikitext instead
Traceback (most recent call last):
  File "/home/vicuna/ludan/massActive/changeHead_massvieAcitve/lib/load_data.py", line 13, in get_data
    valdata = load_dataset("togethercomputer/RedPajama-Data-1T-Sample", trust_remote_code=True)
              ^^^^^^^^^^^^^^^^^^^^^^^^^^^^^^^^^^^^^^^^^^^^^^^^^^^^^^^^^^^^^^^^^^^^^^^^^^^^^^^^^
  File "/home/vicuna/anaconda3/lib/python3.11/site-packages/datasets/load.py", line 2062, in load_dataset
    builder_instance = load_dataset_builder(
                       ^^^^^^^^^^^^^^^^^^^^^
  File "/home/vicuna/anaconda3/lib/python3.11/site-packages/datasets/load.py", line 1782, in load_dataset_builder
    dataset_module = dataset_module_factory(
                     ^^^^^^^^^^^^^^^^^^^^^^^
  File "/home/vicuna/anaconda3/lib/python3.11/site-packages/datasets/load.py", line 1652, in dataset_module_factory
    raise e1 from None
  File "/home/vicuna/anaconda3/lib/python3.11/site-packages/datasets/load.py", line 1578, in dataset_module_factory
    raise DatasetNotFoundError(f"Dataset '{path}' doesn't exist on the Hub or cannot be accessed.") from e
datasets.exceptions.DatasetNotFoundError: Dataset 'togethercomputer/RedPajama-Data-1T-Sample' doesn't exist on the Hub or cannot be accessed.

During handling of the above exception, another exception occurred:

Traceback (most recent call last):
  File "/home/vicuna/ludan/massActive/changeHead_massvieAcitve/exp2_single_layer_restoration.py", line 232, in <module>
    main()
  File "/home/vicuna/ludan/massActive/changeHead_massvieAcitve/exp2_single_layer_restoration.py", line 161, in main
    results = run_single_layer_experiment(args, restore_layer)
              ^^^^^^^^^^^^^^^^^^^^^^^^^^^^^^^^^^^^^^^^^^^^^^^^
  File "/home/vicuna/ludan/massActive/changeHead_massvieAcitve/exp2_single_layer_restoration.py", line 82, in run_single_layer_experiment
    testseq_list = lib.get_data(tokenizer, nsamples=args.nsamples, seqlen=seq_len, device=device)
                   ^^^^^^^^^^^^^^^^^^^^^^^^^^^^^^^^^^^^^^^^^^^^^^^^^^^^^^^^^^^^^^^^^^^^^^^^^^^^^^
  File "/home/vicuna/ludan/massActive/changeHead_massvieAcitve/lib/load_data.py", line 22, in get_data
    valdata = load_dataset('wikitext', 'wikitext-2-raw-v1', split='train')
              ^^^^^^^^^^^^^^^^^^^^^^^^^^^^^^^^^^^^^^^^^^^^^^^^^^^^^^^^^^^^
  File "/home/vicuna/anaconda3/lib/python3.11/site-packages/datasets/load.py", line 2062, in load_dataset
    builder_instance = load_dataset_builder(
                       ^^^^^^^^^^^^^^^^^^^^^
  File "/home/vicuna/anaconda3/lib/python3.11/site-packages/datasets/load.py", line 1819, in load_dataset_builder
    builder_instance: DatasetBuilder = builder_cls(
                                       ^^^^^^^^^^^^
  File "/home/vicuna/anaconda3/lib/python3.11/site-packages/datasets/builder.py", line 343, in __init__
    self.config, self.config_id = self._create_builder_config(
                                  ^^^^^^^^^^^^^^^^^^^^^^^^^^^^
  File "/home/vicuna/anaconda3/lib/python3.11/site-packages/datasets/builder.py", line 598, in _create_builder_config
    builder_config._resolve_data_files(
  File "/home/vicuna/anaconda3/lib/python3.11/site-packages/datasets/builder.py", line 207, in _resolve_data_files
    self.data_files = self.data_files.resolve(base_path, download_config)
                      ^^^^^^^^^^^^^^^^^^^^^^^^^^^^^^^^^^^^^^^^^^^^^^^^^^^
  File "/home/vicuna/anaconda3/lib/python3.11/site-packages/datasets/data_files.py", line 788, in resolve
    out[key] = data_files_patterns_list.resolve(base_path, download_config)
               ^^^^^^^^^^^^^^^^^^^^^^^^^^^^^^^^^^^^^^^^^^^^^^^^^^^^^^^^^^^^
  File "/home/vicuna/anaconda3/lib/python3.11/site-packages/datasets/data_files.py", line 751, in resolve
    origin_metadata = _get_origin_metadata(data_files, download_config=download_config)
                      ^^^^^^^^^^^^^^^^^^^^^^^^^^^^^^^^^^^^^^^^^^^^^^^^^^^^^^^^^^^^^^^^^
  File "/home/vicuna/anaconda3/lib/python3.11/site-packages/datasets/data_files.py", line 506, in _get_origin_metadata
    return thread_map(
           ^^^^^^^^^^^
  File "/home/vicuna/anaconda3/lib/python3.11/site-packages/tqdm/contrib/concurrent.py", line 69, in thread_map
    return _executor_map(ThreadPoolExecutor, fn, *iterables, **tqdm_kwargs)
           ^^^^^^^^^^^^^^^^^^^^^^^^^^^^^^^^^^^^^^^^^^^^^^^^^^^^^^^^^^^^^^^^
  File "/home/vicuna/anaconda3/lib/python3.11/site-packages/tqdm/contrib/concurrent.py", line 51, in _executor_map
    return list(tqdm_class(ex.map(fn, *iterables, chunksize=chunksize), **kwargs))
           ^^^^^^^^^^^^^^^^^^^^^^^^^^^^^^^^^^^^^^^^^^^^^^^^^^^^^^^^^^^^^^^^^^^^^^^
  File "/home/vicuna/anaconda3/lib/python3.11/site-packages/tqdm/std.py", line 1169, in __iter__
    for obj in iterable:
  File "/home/vicuna/anaconda3/lib/python3.11/concurrent/futures/_base.py", line 619, in result_iterator
    yield _result_or_cancel(fs.pop())
          ^^^^^^^^^^^^^^^^^^^^^^^^^^^
  File "/home/vicuna/anaconda3/lib/python3.11/concurrent/futures/_base.py", line 317, in _result_or_cancel
    return fut.result(timeout)
           ^^^^^^^^^^^^^^^^^^^
  File "/home/vicuna/anaconda3/lib/python3.11/concurrent/futures/_base.py", line 456, in result
    return self.__get_result()
           ^^^^^^^^^^^^^^^^^^^
  File "/home/vicuna/anaconda3/lib/python3.11/concurrent/futures/_base.py", line 401, in __get_result
    raise self._exception
  File "/home/vicuna/anaconda3/lib/python3.11/concurrent/futures/thread.py", line 58, in run
    result = self.fn(*self.args, **self.kwargs)
             ^^^^^^^^^^^^^^^^^^^^^^^^^^^^^^^^^^
  File "/home/vicuna/anaconda3/lib/python3.11/site-packages/datasets/data_files.py", line 485, in _get_single_origin_metadata
    resolved_path = fs.resolve_path(data_file)
                    ^^^^^^^^^^^^^^^^^^^^^^^^^^
  File "/home/vicuna/anaconda3/lib/python3.11/site-packages/huggingface_hub/hf_file_system.py", line 198, in resolve_path
    repo_and_revision_exist, err = self._repo_and_revision_exist(repo_type, repo_id, revision)
                                   ^^^^^^^^^^^^^^^^^^^^^^^^^^^^^^^^^^^^^^^^^^^^^^^^^^^^^^^^^^^
  File "/home/vicuna/anaconda3/lib/python3.11/site-packages/huggingface_hub/hf_file_system.py", line 125, in _repo_and_revision_exist
    self._api.repo_info(
  File "/home/vicuna/anaconda3/lib/python3.11/site-packages/huggingface_hub/utils/_validators.py", line 114, in _inner_fn
    return fn(*args, **kwargs)
           ^^^^^^^^^^^^^^^^^^^
  File "/home/vicuna/anaconda3/lib/python3.11/site-packages/huggingface_hub/hf_api.py", line 2853, in repo_info
    return method(
           ^^^^^^^
  File "/home/vicuna/anaconda3/lib/python3.11/site-packages/huggingface_hub/utils/_validators.py", line 114, in _inner_fn
    return fn(*args, **kwargs)
           ^^^^^^^^^^^^^^^^^^^
  File "/home/vicuna/anaconda3/lib/python3.11/site-packages/huggingface_hub/hf_api.py", line 2710, in dataset_info
    r = get_session().get(path, headers=headers, timeout=timeout, params=params)
        ^^^^^^^^^^^^^^^^^^^^^^^^^^^^^^^^^^^^^^^^^^^^^^^^^^^^^^^^^^^^^^^^^^^^^^^^
  File "/home/vicuna/anaconda3/lib/python3.11/site-packages/requests/sessions.py", line 602, in get
    return self.request("GET", url, **kwargs)
           ^^^^^^^^^^^^^^^^^^^^^^^^^^^^^^^^^^
  File "/home/vicuna/anaconda3/lib/python3.11/site-packages/requests/sessions.py", line 589, in request
    resp = self.send(prep, **send_kwargs)
           ^^^^^^^^^^^^^^^^^^^^^^^^^^^^^^
  File "/home/vicuna/anaconda3/lib/python3.11/site-packages/requests/sessions.py", line 703, in send
    r = adapter.send(request, **kwargs)
        ^^^^^^^^^^^^^^^^^^^^^^^^^^^^^^^
  File "/home/vicuna/anaconda3/lib/python3.11/site-packages/huggingface_hub/utils/_http.py", line 96, in send
    return super().send(request, *args, **kwargs)
           ^^^^^^^^^^^^^^^^^^^^^^^^^^^^^^^^^^^^^^
  File "/home/vicuna/anaconda3/lib/python3.11/site-packages/requests/adapters.py", line 694, in send
    raise ProxyError(e, request=request)
requests.exceptions.ProxyError: (MaxRetryError("HTTPSConnectionPool(host='hf-mirror.com', port=443): Max retries exceeded with url: /api/datasets/wikitext/revision/b08601e04326c79dfdd32d625aee71d232d685c3 (Caused by ProxyError('Cannot connect to proxy.', TimeoutError('_ssl.c:985: The handshake operation timed out')))"), '(Request ID: 55182897-e81b-4e3d-b809-3bcbcdcfc2fd)')
