{
  "0": {
    "top1_mean": 101.61875,
    "top1_std": 4.692562543980279,
    "top2_mean": 68.69479166666666,
    "top3_mean": 53.020833333333336,
    "median_mean": 0.5857259114583333,
    "dim138_mean": 101.61875,
    "dim447_mean": 53.020833333333336,
    "dim138_max": 113.0,
    "dim447_max": 59.28125
  },
  "1": {
    "top1_mean": 610.6666666666666,
    "top1_std": 10.496295642855255,
    "top2_mean": 141.25416666666666,
    "top3_mean": 74.36666666666666,
    "median_mean": 0.70458984375,
    "dim138_mean": 610.6666666666666,
    "dim447_mean": 141.25416666666666,
    "dim138_max": 625.5,
    "dim447_max": 146.25
  },
  "2": {
    "top1_mean": 2475.266666666667,
    "top1_std": 7.957945016704305,
    "top2_mean": 699.8666666666667,
    "top3_mean": 74.24583333333334,
    "median_mean": 0.822265625,
    "dim138_mean": 699.8666666666667,
    "dim447_mean": 2475.266666666667,
    "dim138_max": 715.0,
    "dim447_max": 2490.0
  },
  "3": {
    "top1_mean": 2648.4,
    "top1_std": 17.059894489708896,
    "top2_mean": 767.3166666666667,
    "top3_mean": 73.64166666666667,
    "median_mean": 0.9761555989583334,
    "dim138_mean": 767.3166666666667,
    "dim447_mean": 2648.4,
    "dim138_max": 782.5,
    "dim447_max": 2672.0
  },
  "4": {
    "top1_mean": 2794.8,
    "top1_std": 20.743513042234028,
    "top2_mean": 796.3666666666667,
    "top3_mean": 71.9,
    "median_mean": 1.1171223958333334,
    "dim138_mean": 796.3666666666667,
    "dim447_mean": 2794.8,
    "dim138_max": 812.0,
    "dim447_max": 2822.0
  },
  "5": {
    "top1_mean": 2891.733333333333,
    "top1_std": 23.09824428152254,
    "top2_mean": 794.8666666666667,
    "top3_mean": 66.809375,
    "median_mean": 1.2858072916666667,
    "dim138_mean": 794.8666666666667,
    "dim447_mean": 2891.733333333333,
    "dim138_max": 810.5,
    "dim447_max": 2922.0
  },
  "6": {
    "top1_mean": 2949.4,
    "top1_std": 24.392075215801817,
    "top2_mean": 792.8666666666667,
    "top3_mean": 62.74583333333333,
    "median_mean": 1.4819986979166666,
    "dim138_mean": 792.8666666666667,
    "dim447_mean": 2949.4,
    "dim138_max": 808.5,
    "dim447_max": 2982.0
  },
  "7": {
    "top1_mean": 2984.6,
    "top1_std": 25.31481779511755,
    "top2_mean": 790.3833333333333,
    "top3_mean": 71.28333333333333,
    "median_mean": 1.7643880208333333,
    "dim138_mean": 790.3833333333333,
    "dim447_mean": 2984.6,
    "dim138_max": 806.0,
    "dim447_max": 3018.0
  },
  "8": {
    "top1_mean": 3006.6666666666665,
    "top1_std": 25.6818137123443,
    "top2_mean": 788.2166666666667,
    "top3_mean": 80.73333333333333,
    "median_mean": 2.1052734375,
    "dim138_mean": 788.2166666666667,
    "dim447_mean": 3006.6666666666665,
    "dim138_max": 803.5,
    "dim447_max": 3040.0
  },
  "9": {
    "top1_mean": 3018.5333333333333,
    "top1_std": 26.035531277254343,
    "top2_mean": 785.7166666666667,
    "top3_mean": 95.46458333333334,
    "median_mean": 2.6090494791666665,
    "dim138_mean": 785.7166666666667,
    "dim447_mean": 3018.5333333333333,
    "dim138_max": 801.0,
    "dim447_max": 3052.0
  },
  "10": {
    "top1_mean": 3021.3333333333335,
    "top1_std": 26.938613343839528,
    "top2_mean": 780.7166666666667,
    "top3_mean": 154.0625,
    "median_mean": 3.233984375,
    "dim138_mean": 780.7166666666667,
    "dim447_mean": 3021.3333333333335,
    "dim138_max": 796.0,
    "dim447_max": 3056.0
  },
  "11": {
    "top1_mean": 452.34166666666664,
    "top1_std": 18.975475766250383,
    "top2_mean": 443.425,
    "top3_mean": 436.375,
    "median_mean": 3.823372395833333,
    "dim138_mean": 64.02604166666667,
    "dim447_mean": 365.7916666666667,
    "dim138_max": 80.3125,
    "dim447_max": 384.0
  }
}