{
  "0": {
    "top1_mean": 19.5578125,
    "top1_std": 1.436430478488691,
    "top2_mean": 18.897916666666667,
    "top3_mean": 18.5984375,
    "median_mean": 0.11962890625,
    "dim138_mean": 1.04189453125,
    "dim447_mean": 17.89609375,
    "dim138_max": 1.115234375,
    "dim447_max": 24.71875
  },
  "1": {
    "top1_mean": 59.108333333333334,
    "top1_std": 2.4398190535137823,
    "top2_mean": 32.2109375,
    "top3_mean": 30.744270833333335,
    "median_mean": 0.33369140625,
    "dim138_mean": 31.416145833333335,
    "dim447_mean": 59.108333333333334,
    "dim138_max": 33.8125,
    "dim447_max": 62.75
  },
  "2": {
    "top1_mean": 55.03125,
    "top1_std": 2.4373397383212705,
    "top2_mean": 32.08802083333333,
    "top3_mean": 30.564583333333335,
    "median_mean": 0.46453450520833334,
    "dim138_mean": 31.673958333333335,
    "dim447_mean": 55.03125,
    "dim138_max": 34.125,
    "dim447_max": 58.6875
  },
  "3": {
    "top1_mean": 50.203125,
    "top1_std": 2.6139244272660855,
    "top2_mean": 32.81197916666667,
    "top3_mean": 31.702083333333334,
    "median_mean": 0.5445149739583334,
    "dim138_mean": 31.7796875,
    "dim447_mean": 50.203125,
    "dim138_max": 34.1875,
    "dim447_max": 55.21875
  },
  "4": {
    "top1_mean": 46.684375,
    "top1_std": 4.281412329647582,
    "top2_mean": 35.6625,
    "top3_mean": 34.59947916666667,
    "median_mean": 0.75498046875,
    "dim138_mean": 31.975520833333334,
    "dim447_mean": 46.684375,
    "dim138_max": 34.4375,
    "dim447_max": 54.90625
  },
  "5": {
    "top1_mean": 54.984375,
    "top1_std": 5.757353484077993,
    "top2_mean": 47.80104166666667,
    "top3_mean": 46.49166666666667,
    "median_mean": 1.1217122395833334,
    "dim138_mean": 32.321354166666666,
    "dim447_mean": 54.984375,
    "dim138_max": 34.71875,
    "dim447_max": 64.875
  },
  "6": {
    "top1_mean": 75.85416666666667,
    "top1_std": 6.631391047300877,
    "top2_mean": 63.639583333333334,
    "top3_mean": 62.09166666666667,
    "median_mean": 1.77685546875,
    "dim138_mean": 32.696354166666666,
    "dim447_mean": 75.85416666666667,
    "dim138_max": 35.25,
    "dim447_max": 88.875
  },
  "7": {
    "top1_mean": 81.94166666666666,
    "top1_std": 9.024661427936723,
    "top2_mean": 72.17291666666667,
    "top3_mean": 70.22291666666666,
    "median_mean": 2.67421875,
    "dim138_mean": 33.284375,
    "dim447_mean": 80.83958333333334,
    "dim138_max": 36.0625,
    "dim447_max": 99.0625
  },
  "8": {
    "top1_mean": 91.03333333333333,
    "top1_std": 11.114891631150625,
    "top2_mean": 78.0875,
    "top3_mean": 75.30208333333333,
    "median_mean": 3.344986979166667,
    "dim138_mean": 33.684375,
    "dim447_mean": 89.15833333333333,
    "dim138_max": 36.8125,
    "dim447_max": 110.25
  },
  "9": {
    "top1_mean": 107.30625,
    "top1_std": 15.387328644456128,
    "top2_mean": 88.19479166666666,
    "top3_mean": 84.43125,
    "median_mean": 4.090299479166666,
    "dim138_mean": 33.446875,
    "dim447_mean": 105.6625,
    "dim138_max": 36.8125,
    "dim447_max": 134.375
  },
  "10": {
    "top1_mean": 130.79166666666666,
    "top1_std": 19.23357208473998,
    "top2_mean": 111.97083333333333,
    "top3_mean": 108.49375,
    "median_mean": 4.991276041666667,
    "dim138_mean": 33.618229166666666,
    "dim447_mean": 128.15,
    "dim138_max": 37.25,
    "dim447_max": 159.375
  },
  "11": {
    "top1_mean": 1164.0833333333333,
    "top1_std": 91.01868703122942,
    "top2_mean": 344.46666666666664,
    "top3_mean": 264.925,
    "median_mean": 6.391015625,
    "dim138_mean": 300.21666666666664,
    "dim447_mean": 1164.0833333333333,
    "dim138_max": 335.5,
    "dim447_max": 1287.0
  }
}