{
  "0": {
    "top1_mean": 189.79166666666666,
    "top1_std": 11.472491253235086,
    "top2_mean": 149.10416666666666,
    "top3_mean": 145.37916666666666,
    "median_mean": 5.0578125,
    "dim138_mean": 189.79166666666666,
    "dim447_mean": 130.66041666666666,
    "dim138_max": 222.0,
    "dim447_max": 152.375
  },
  "1": {
    "top1_mean": 561.3166666666667,
    "top1_std": 16.98699666084489,
    "top2_mean": 227.71666666666667,
    "top3_mean": 175.875,
    "median_mean": 4.580989583333333,
    "dim138_mean": 561.3166666666667,
    "dim447_mean": 148.12916666666666,
    "dim138_max": 601.0,
    "dim447_max": 162.375
  },
  "2": {
    "top1_mean": 2519.4,
    "top1_std": 18.519539231129198,
    "top2_mean": 1672.3666666666666,
    "top3_mean": 1555.2333333333333,
    "median_mean": 4.285286458333333,
    "dim138_mean": 698.25,
    "dim447_mean": 2519.4,
    "dim138_max": 748.0,
    "dim447_max": 2560.0
  },
  "3": {
    "top1_mean": 2683.3333333333335,
    "top1_std": 31.463559168593047,
    "top2_mean": 1710.8666666666666,
    "top3_mean": 1577.3333333333333,
    "median_mean": 4.16640625,
    "dim138_mean": 766.35,
    "dim447_mean": 2683.3333333333335,
    "dim138_max": 817.0,
    "dim447_max": 2760.0
  },
  "4": {
    "top1_mean": 2826.4,
    "top1_std": 36.53454985809095,
    "top2_mean": 1776.0,
    "top3_mean": 1622.2,
    "median_mean": 4.105989583333334,
    "dim138_mean": 795.7333333333333,
    "dim447_mean": 2826.4,
    "dim138_max": 847.0,
    "dim447_max": 2916.0
  },
  "5": {
    "top1_mean": 2922.266666666667,
    "top1_std": 40.00911007369307,
    "top2_mean": 1824.4333333333334,
    "top3_mean": 1654.5333333333333,
    "median_mean": 4.0642578125,
    "dim138_mean": 794.2333333333333,
    "dim447_mean": 2922.266666666667,
    "dim138_max": 845.5,
    "dim447_max": 3020.0
  },
  "6": {
    "top1_mean": 2978.133333333333,
    "top1_std": 42.1708693557795,
    "top2_mean": 1853.1,
    "top3_mean": 1674.2333333333333,
    "median_mean": 4.034375,
    "dim138_mean": 792.2333333333333,
    "dim447_mean": 2978.133333333333,
    "dim138_max": 843.5,
    "dim447_max": 3080.0
  },
  "7": {
    "top1_mean": 3011.5333333333333,
    "top1_std": 43.45015023628291,
    "top2_mean": 1870.6666666666667,
    "top3_mean": 1686.1,
    "median_mean": 4.05859375,
    "dim138_mean": 789.8666666666667,
    "dim447_mean": 3011.5333333333333,
    "dim138_max": 841.0,
    "dim447_max": 3116.0
  },
  "8": {
    "top1_mean": 3030.6666666666665,
    "top1_std": 44.441222105408194,
    "top2_mean": 1878.3666666666666,
    "top3_mean": 1689.1333333333334,
    "median_mean": 4.132356770833334,
    "dim138_mean": 787.7833333333333,
    "dim447_mean": 3030.6666666666665,
    "dim138_max": 838.5,
    "dim447_max": 3138.0
  },
  "9": {
    "top1_mean": 3040.0666666666666,
    "top1_std": 45.3416168902502,
    "top2_mean": 1880.9,
    "top3_mean": 1686.8666666666666,
    "median_mean": 4.302864583333333,
    "dim138_mean": 785.2666666666667,
    "dim447_mean": 3040.0666666666666,
    "dim138_max": 836.0,
    "dim447_max": 3150.0
  },
  "10": {
    "top1_mean": 3040.4666666666667,
    "top1_std": 46.31107378970558,
    "top2_mean": 1872.2333333333333,
    "top3_mean": 1672.0333333333333,
    "median_mean": 4.499088541666667,
    "dim138_mean": 780.7333333333333,
    "dim447_mean": 3040.4666666666667,
    "dim138_max": 831.0,
    "dim447_max": 3152.0
  },
  "11": {
    "top1_mean": 2937.5333333333333,
    "top1_std": 46.52077194353316,
    "top2_mean": 1794.6,
    "top3_mean": 1589.9,
    "median_mean": 4.731640625,
    "dim138_mean": 606.6166666666667,
    "dim447_mean": 2937.5333333333333,
    "dim138_max": 652.5,
    "dim447_max": 3050.0
  }
}